ticket_id,customer_id,agent_id,region,department,priority,status,created_at,first_response_at,resolved_at,source
TKT0001,CUST0115,AGT005,northeast,BILLING,low,pending,2024-10-16 03:00:00,2024-10-16 03:16:00,2024-10-20 03:00:00,helpdesk
TKT0002,CUST0014,AGT018,SOUTHEAST,SHIPPING,urgent,open,2023-02-02 00:00:00,2023-02-02 00:33:00,2023-02-03 05:00:00,helpdesk
TKT0003,CUST0175,AGT009,SOUTHEAST,TECHNICAL,high,open,2024-08-26 08:00:00,2024-08-26 08:11:00,2024-08-27 06:00:00,crm
TKT0004,CUST0023,AGT024,WEST,SHIPPING,low,resolved,2024-01-25 03:00:00,2024-01-25 04:41:00,2024-01-27 01:00:00,crm
TKT0005,CUST0186,AGT019,SOUTHEAST,BILLING,low,pending,2024-07-19 09:00:00,2024-07-19 11:50:00,2024-07-22 18:00:00,crm
TKT0006,CUST0233,AGT021,southeast,RETURNS,medium,resolved,2023-10-24 02:00:00,2023-10-24 03:09:00,2023-10-24 16:00:00,helpdesk
TKT0007,CUST0037,AGT020,northeast,TECHNICAL,medium,open,2023-08-03 21:00:00,2023-08-03 22:18:00,2023-08-07 16:00:00,helpdesk
TKT0008,CUST0167,AGT027,southeast,BILLING,medium,open,2024-01-24 08:00:00,2024-01-24 10:53:00,2024-01-28 02:00:00,helpdesk
TKT0009,CUST0291,AGT029,northeast,RETURNS,medium,pending,2024-02-15 08:00:00,2024-02-15 08:26:00,2024-02-16 13:00:00,helpdesk
TKT0010,CUST0127,AGT024,SOUTHWEST,SHIPPING,high,pending,2024-02-10 20:00:00,2024-02-10 22:07:00,2024-02-11 16:00:00,helpdesk
TKT0011,CUST0071,AGT017,WEST,BILLING,low,open,2024-08-20 12:00:00,2024-08-20 13:42:00,2024-08-21 18:00:00,crm
TKT0012,CUST0196,AGT020,WEST,SHIPPING,high,pending,2024-10-04 05:00:00,2024-10-04 06:58:00,,crm
TKT0013,CUST0137,AGT025,northeast,RETURNS,low,resolved,2024-11-27 23:00:00,2024-11-27 23:39:00,2024-12-01 16:00:00,helpdesk
TKT0014,CUST0135,AGT017,southeast,TECHNICAL,low,pending,2023-06-11 14:00:00,2023-06-11 14:10:00,2023-06-15 12:00:00,helpdesk
TKT0015,CUST0083,AGT018,southeast,SHIPPING,low,pending,2024-10-16 16:00:00,2024-10-16 18:45:00,2024-10-17 19:00:00,helpdesk
TKT0016,CUST0158,AGT008,NORTHEAST,TECHNICAL,low,open,2024-05-15 00:00:00,2024-05-15 00:38:00,2024-05-17 00:00:00,helpdesk
TKT0017,CUST0282,AGT006,MIDWEST,SHIPPING,urgent,open,2023-03-12 17:00:00,2023-03-12 17:42:00,2023-03-13 11:00:00,crm
TKT0018,CUST0225,AGT029,SOUTHWEST,ACCOUNT,low,open,2024-12-31 09:00:00,2024-12-31 10:52:00,2025-01-04 00:00:00,crm
TKT0019,CUST0113,AGT001,NORTHEAST,BILLING,medium,open,2023-03-07 10:00:00,2023-03-07 10:15:00,2023-03-10 15:00:00,crm
TKT0020,CUST0249,AGT007,SOUTHWEST,TECHNICAL,urgent,open,2023-12-05 02:00:00,2023-12-05 04:21:00,2023-12-06 10:00:00,helpdesk
TKT0021,CUST0182,AGT014,WEST,ACCOUNT,low,pending,2024-02-21 06:00:00,2024-02-21 06:34:00,2024-02-21 20:00:00,crm
TKT0022,CUST0098,AGT018,WEST,TECHNICAL,urgent,open,2023-03-04 12:00:00,2023-03-04 13:36:00,2023-03-05 03:00:00,helpdesk
TKT0023,CUST0282,AGT004,NORTHEAST,SHIPPING,low,open,2024-04-18 07:00:00,2024-04-18 07:29:00,2024-04-20 17:00:00,crm
TKT0024,CUST0206,AGT029,NORTHEAST,TECHNICAL,urgent,open,2023-06-20 13:00:00,2023-06-20 15:14:00,2023-06-23 04:00:00,helpdesk
TKT0025,CUST0285,AGT022,northeast,ACCOUNT,medium,open,2023-09-29 14:00:00,2023-09-29 15:23:00,2023-10-01 22:00:00,helpdesk
TKT0026,CUST0161,AGT002,NORTHEAST,SHIPPING,urgent,pending,2023-08-11 01:00:00,2023-08-11 03:38:00,2023-08-15 01:00:00,crm
TKT0027,CUST0035,AGT022,southeast,TECHNICAL,urgent,open,2023-02-28 16:00:00,2023-02-28 16:30:00,,crm
TKT0028,CUST0299,AGT019,SOUTHWEST,RETURNS,high,open,2024-08-15 19:00:00,2024-08-15 19:20:00,,helpdesk
TKT0029,CUST0154,AGT015,MIDWEST,BILLING,low,resolved,2023-09-02 08:00:00,2023-09-02 09:51:00,2023-09-03 02:00:00,crm
TKT0030,CUST0179,AGT029,NORTHEAST,TECHNICAL,high,resolved,2023-03-17 17:00:00,2023-03-17 18:04:00,2023-03-20 11:00:00,crm
TKT0031,CUST0271,AGT001,northeast,SHIPPING,high,pending,2024-03-24 17:00:00,2024-03-24 18:27:00,2024-03-28 01:00:00,crm
TKT0032,CUST0080,AGT009,MIDWEST,SHIPPING,medium,pending,2023-05-18 08:00:00,2023-05-18 08:39:00,2023-05-18 23:00:00,helpdesk
TKT0033,CUST0129,AGT029,southeast,BILLING,low,pending,2023-07-28 21:00:00,2023-07-28 23:52:00,2023-07-30 08:00:00,helpdesk
TKT0034,CUST0135,AGT006,northeast,ACCOUNT,urgent,pending,2023-10-11 01:00:00,2023-10-11 01:10:00,2023-10-12 21:00:00,crm
TKT0035,CUST0190,AGT019,SOUTHWEST,TECHNICAL,urgent,open,2023-04-25 02:00:00,2023-04-25 02:48:00,,crm
TKT0036,CUST0128,AGT022,NORTHEAST,RETURNS,urgent,pending,2023-11-12 11:00:00,2023-11-12 11:20:00,2023-11-14 10:00:00,crm
TKT0037,CUST0171,AGT026,WEST,TECHNICAL,high,open,2023-08-31 05:00:00,2023-08-31 05:55:00,,crm
TKT0038,CUST0236,AGT012,MIDWEST,TECHNICAL,medium,open,2024-01-27 01:00:00,2024-01-27 03:10:00,2024-01-28 07:00:00,crm
TKT0039,CUST0143,AGT012,northeast,SHIPPING,urgent,pending,2024-02-13 10:00:00,2024-02-13 11:21:00,2024-02-13 20:00:00,helpdesk
TKT0040,CUST0136,AGT002,NORTHEAST,SHIPPING,urgent,resolved,2023-01-29 03:00:00,2023-01-29 04:16:00,2023-01-30 03:00:00,helpdesk
TKT0041,CUST0296,AGT007,MIDWEST,BILLING,urgent,open,2024-03-22 19:00:00,2024-03-22 21:20:00,2024-03-23 11:00:00,crm
TKT0042,CUST0161,AGT022,southeast,BILLING,high,pending,2024-01-08 13:00:00,2024-01-08 13:27:00,2024-01-12 04:00:00,helpdesk
TKT0043,CUST0284,AGT005,SOUTHEAST,ACCOUNT,urgent,pending,2024-11-13 13:00:00,2024-11-13 14:33:00,2024-11-15 18:00:00,crm
TKT0044,CUST0001,AGT010,MIDWEST,TECHNICAL,urgent,pending,2024-09-22 18:00:00,2024-09-22 19:27:00,2024-09-24 23:00:00,helpdesk
TKT0045,CUST0243,AGT026,southeast,TECHNICAL,low,resolved,2024-04-21 14:00:00,2024-04-21 16:03:00,2024-04-25 06:00:00,helpdesk
TKT0046,CUST0076,AGT001,NORTHEAST,TECHNICAL,urgent,pending,2023-04-06 07:00:00,2023-04-06 08:29:00,2023-04-07 13:00:00,crm
TKT0047,CUST0197,AGT016,WEST,TECHNICAL,medium,pending,2024-04-11 13:00:00,2024-04-11 15:51:00,2024-04-14 16:00:00,crm
TKT0048,CUST0266,AGT015,NORTHEAST,SHIPPING,medium,open,2023-04-20 13:00:00,2023-04-20 14:06:00,2023-04-21 13:00:00,helpdesk
TKT0049,CUST0163,AGT025,WEST,SHIPPING,urgent,pending,2023-05-17 14:00:00,2023-05-17 17:00:00,2023-05-20 11:00:00,helpdesk
TKT0050,CUST0127,AGT027,northeast,RETURNS,urgent,pending,2023-06-12 23:00:00,2023-06-13 01:11:00,2023-06-15 10:00:00,crm
TKT0051,CUST0140,AGT011,MIDWEST,SHIPPING,low,open,2023-10-09 14:00:00,2023-10-09 14:29:00,2023-10-13 11:00:00,crm
TKT0052,CUST0213,AGT014,MIDWEST,SHIPPING,urgent,resolved,2023-08-25 12:00:00,2023-08-25 12:49:00,2023-08-29 08:00:00,crm
TKT0053,CUST0011,AGT028,southeast,SHIPPING,urgent,resolved,2023-07-31 13:00:00,2023-07-31 14:49:00,2023-08-03 17:00:00,crm
TKT0054,CUST0280,AGT026,SOUTHWEST,TECHNICAL,urgent,open,2023-12-27 09:00:00,2023-12-27 10:49:00,2023-12-29 16:00:00,helpdesk
TKT0055,CUST0208,AGT024,SOUTHEAST,ACCOUNT,medium,pending,2024-03-22 15:00:00,2024-03-22 15:17:00,2024-03-24 18:00:00,crm
TKT0056,CUST0220,AGT005,southeast,ACCOUNT,medium,open,2024-02-08 18:00:00,2024-02-08 20:34:00,,helpdesk
TKT0057,CUST0195,AGT009,southeast,ACCOUNT,high,open,2024-01-24 10:00:00,2024-01-24 11:04:00,2024-01-26 22:00:00,helpdesk
TKT0058,CUST0180,AGT008,northeast,BILLING,low,open,2023-01-20 23:00:00,2023-01-21 01:28:00,2023-01-21 07:00:00,crm
TKT0059,CUST0243,AGT022,NORTHEAST,SHIPPING,medium,resolved,2023-07-24 00:00:00,2023-07-24 02:49:00,2023-07-24 21:00:00,helpdesk
TKT0060,CUST0059,AGT025,southeast,TECHNICAL,high,open,2024-01-13 05:00:00,2024-01-13 07:45:00,2024-01-16 12:00:00,crm
TKT0061,CUST0102,AGT003,SOUTHWEST,TECHNICAL,low,pending,2023-11-16 18:00:00,2023-11-16 19:46:00,2023-11-18 22:00:00,helpdesk
TKT0062,CUST0178,AGT018,WEST,RETURNS,low,pending,2024-12-01 19:00:00,2024-12-01 19:40:00,2024-12-04 21:00:00,helpdesk
TKT0063,CUST0186,AGT021,southeast,ACCOUNT,medium,resolved,2023-01-13 13:00:00,2023-01-13 15:15:00,2023-01-14 04:00:00,crm
TKT0064,CUST0276,AGT025,WEST,ACCOUNT,urgent,pending,2024-06-18 20:00:00,2024-06-18 21:19:00,2024-06-22 04:00:00,helpdesk
TKT0065,CUST0125,AGT025,WEST,SHIPPING,urgent,resolved,2023-11-27 07:00:00,2023-11-27 07:32:00,2023-11-28 20:00:00,crm
TKT0066,CUST0133,AGT011,MIDWEST,SHIPPING,high,pending,2024-05-21 10:00:00,2024-05-21 10:56:00,2024-05-24 02:00:00,crm
TKT0067,CUST0251,AGT018,southeast,TECHNICAL,urgent,pending,2024-06-13 06:00:00,2024-06-13 06:31:00,2024-06-14 14:00:00,helpdesk
TKT0068,CUST0125,AGT010,northeast,SHIPPING,high,resolved,2024-04-03 00:00:00,2024-04-03 00:33:00,2024-04-04 15:00:00,helpdesk
TKT0069,CUST0233,AGT009,MIDWEST,RETURNS,medium,open,2024-03-11 23:00:00,2024-03-12 01:30:00,2024-03-13 19:00:00,crm
TKT0070,CUST0111,AGT024,WEST,RETURNS,high,open,2023-11-20 03:00:00,2023-11-20 05:27:00,2023-11-23 21:00:00,crm
TKT0071,CUST0274,AGT005,MIDWEST,BILLING,low,pending,2023-10-31 07:00:00,2023-10-31 08:42:00,2023-11-01 07:00:00,helpdesk
TKT0072,CUST0007,AGT019,MIDWEST,ACCOUNT,urgent,resolved,2024-12-15 04:00:00,2024-12-15 06:53:00,2024-12-17 20:00:00,helpdesk
TKT0073,CUST0034,AGT013,WEST,BILLING,low,open,2023-07-08 01:00:00,2023-07-08 02:14:00,2023-07-10 16:00:00,crm
TKT0074,CUST0214,AGT020,SOUTHWEST,SHIPPING,medium,pending,2024-07-30 09:00:00,2024-07-30 09:31:00,2024-07-31 18:00:00,helpdesk
TKT0075,CUST0157,AGT019,SOUTHWEST,BILLING,low,open,2024-04-06 14:00:00,2024-04-06 15:26:00,2024-04-09 19:00:00,crm
TKT0076,CUST0283,AGT003,SOUTHEAST,BILLING,urgent,resolved,2023-09-28 21:00:00,2023-09-28 21:30:00,2023-09-29 19:00:00,helpdesk
TKT0077,CUST0233,AGT003,northeast,TECHNICAL,high,pending,2023-10-26 01:00:00,2023-10-26 02:09:00,2023-10-27 15:00:00,crm
TKT0078,CUST0137,AGT027,SOUTHEAST,BILLING,low,open,2024-03-11 03:00:00,2024-03-11 05:29:00,2024-03-12 09:00:00,helpdesk
TKT0079,CUST0240,AGT023,MIDWEST,ACCOUNT,high,pending,2024-09-01 23:00:00,2024-09-02 01:35:00,2024-09-03 13:00:00,helpdesk
TKT0080,CUST0166,AGT020,MIDWEST,BILLING,low,open,2024-03-24 02:00:00,2024-03-24 04:43:00,2024-03-24 09:00:00,crm
TKT0081,CUST0090,AGT016,SOUTHWEST,ACCOUNT,high,open,2024-11-19 08:00:00,2024-11-19 10:37:00,2024-11-19 15:00:00,helpdesk
TKT0082,CUST0171,AGT011,northeast,BILLING,medium,resolved,2024-10-12 15:00:00,2024-10-12 15:33:00,2024-10-15 05:00:00,helpdesk
TKT0083,CUST0282,AGT002,WEST,BILLING,high,resolved,2024-12-11 15:00:00,2024-12-11 16:23:00,2024-12-15 05:00:00,helpdesk
TKT0084,CUST0278,AGT015,WEST,BILLING,medium,pending,2023-04-29 12:00:00,2023-04-29 14:21:00,2023-04-29 14:00:00,helpdesk
TKT0085,CUST0105,AGT009,SOUTHWEST,TECHNICAL,high,resolved,2024-09-29 15:00:00,2024-09-29 17:50:00,2024-10-02 01:00:00,helpdesk
TKT0086,CUST0082,AGT010,SOUTHWEST,BILLING,urgent,open,2023-05-05 00:00:00,2023-05-05 02:51:00,2023-05-08 07:00:00,crm
TKT0087,CUST0256,AGT030,northeast,RETURNS,high,resolved,2023-04-27 14:00:00,2023-04-27 14:40:00,2023-05-01 02:00:00,helpdesk
TKT0088,CUST0098,AGT030,SOUTHWEST,SHIPPING,medium,open,2024-04-28 07:00:00,2024-04-28 09:06:00,2024-05-01 07:00:00,helpdesk
TKT0089,CUST0145,AGT024,MIDWEST,SHIPPING,urgent,open,2024-02-29 10:00:00,2024-02-29 12:19:00,2024-03-01 22:00:00,helpdesk
TKT0090,CUST0279,AGT013,WEST,RETURNS,medium,pending,2024-07-05 15:00:00,2024-07-05 16:38:00,2024-07-07 11:00:00,crm
TKT0091,CUST0243,AGT023,southeast,ACCOUNT,urgent,pending,2024-08-08 12:00:00,2024-08-08 13:09:00,,crm
TKT0092,CUST0170,AGT028,NORTHEAST,ACCOUNT,low,pending,2024-05-22 01:00:00,2024-05-22 01:42:00,2024-05-24 19:00:00,helpdesk
TKT0093,CUST0080,AGT003,WEST,RETURNS,high,pending,2023-01-16 23:00:00,2023-01-16 23:46:00,2023-01-19 05:00:00,helpdesk
TKT0094,CUST0195,AGT011,northeast,ACCOUNT,low,pending,2024-10-27 02:00:00,2024-10-27 03:34:00,2024-10-30 18:00:00,crm
TKT0095,CUST0223,AGT004,southeast,BILLING,urgent,open,2023-08-29 20:00:00,2023-08-29 21:23:00,2023-08-31 03:00:00,helpdesk
TKT0096,CUST0192,AGT014,SOUTHEAST,TECHNICAL,urgent,pending,2023-01-30 01:00:00,2023-01-30 02:33:00,2023-01-30 10:00:00,crm
TKT0097,CUST0124,AGT016,SOUTHWEST,TECHNICAL,medium,resolved,2023-06-24 05:00:00,2023-06-24 05:30:00,2023-06-27 13:00:00,helpdesk
TKT0098,CUST0239,AGT029,MIDWEST,SHIPPING,medium,open,2024-04-15 08:00:00,2024-04-15 11:00:00,2024-04-15 11:00:00,helpdesk
TKT0099,CUST0129,AGT015,southeast,RETURNS,medium,resolved,2023-12-20 18:00:00,2023-12-20 19:26:00,2023-12-24 05:00:00,helpdesk
TKT0100,CUST0152,AGT023,MIDWEST,BILLING,urgent,resolved,2023-04-20 07:00:00,2023-04-20 08:47:00,2023-04-23 10:00:00,crm
TKT0101,CUST0147,AGT025,southeast,TECHNICAL,high,open,2024-08-02 21:00:00,2024-08-02 21:22:00,2024-08-06 04:00:00,crm
TKT0102,CUST0050,AGT029,northeast,BILLING,high,resolved,2024-09-27 08:00:00,2024-09-27 10:58:00,2024-10-01 01:00:00,crm
TKT0103,CUST0168,AGT024,WEST,TECHNICAL,medium,open,2024-08-16 11:00:00,2024-08-16 11:43:00,2024-08-17 00:00:00,helpdesk
TKT0104,CUST0247,AGT026,MIDWEST,RETURNS,low,resolved,2024-06-27 16:00:00,2024-06-27 17:19:00,2024-06-28 15:00:00,crm
TKT0105,CUST0203,AGT001,MIDWEST,SHIPPING,low,resolved,2023-05-25 07:00:00,2023-05-25 08:51:00,2023-05-28 08:00:00,helpdesk
TKT0106,CUST0191,AGT004,northeast,TECHNICAL,urgent,open,2024-11-19 23:00:00,2024-11-20 00:17:00,2024-11-23 03:00:00,helpdesk
TKT0107,CUST0238,AGT030,northeast,RETURNS,urgent,open,2024-09-16 07:00:00,2024-09-16 09:55:00,2024-09-16 17:00:00,crm
TKT0108,CUST0121,AGT029,SOUTHWEST,TECHNICAL,urgent,resolved,2023-02-16 01:00:00,2023-02-16 02:27:00,2023-02-18 18:00:00,helpdesk
TKT0109,CUST0080,AGT029,WEST,BILLING,urgent,pending,2024-11-17 23:00:00,2024-11-18 01:28:00,2024-11-20 06:00:00,helpdesk
TKT0110,CUST0121,AGT028,MIDWEST,BILLING,high,pending,2023-10-14 01:00:00,2023-10-14 02:44:00,2023-10-15 06:00:00,helpdesk
TKT0111,CUST0233,AGT003,northeast,TECHNICAL,low,open,2023-03-04 12:00:00,2023-03-04 13:20:00,2023-03-05 14:00:00,helpdesk
TKT0112,CUST0284,AGT007,SOUTHWEST,TECHNICAL,medium,resolved,2023-09-07 04:00:00,2023-09-07 06:34:00,,crm
TKT0113,CUST0277,AGT009,southeast,TECHNICAL,low,pending,2024-09-02 00:00:00,2024-09-02 01:20:00,2024-09-02 20:00:00,crm
TKT0114,CUST0009,AGT006,MIDWEST,BILLING,medium,pending,2023-05-15 00:00:00,2023-05-15 01:41:00,2023-05-16 08:00:00,helpdesk
TKT0115,CUST0186,AGT017,SOUTHWEST,BILLING,urgent,pending,2024-06-22 03:00:00,2024-06-22 03:26:00,2024-06-24 17:00:00,crm
TKT0116,CUST0016,AGT002,WEST,ACCOUNT,urgent,pending,2024-09-21 01:00:00,2024-09-21 03:58:00,2024-09-23 21:00:00,crm
TKT0117,CUST0165,AGT020,SOUTHEAST,BILLING,medium,resolved,2024-05-17 22:00:00,2024-05-18 00:03:00,2024-05-18 09:00:00,helpdesk
TKT0118,CUST0221,AGT004,southeast,BILLING,medium,resolved,2024-01-26 19:00:00,2024-01-26 21:25:00,2024-01-28 10:00:00,helpdesk
TKT0119,CUST0049,AGT011,WEST,RETURNS,high,resolved,2023-08-22 13:00:00,2023-08-22 14:36:00,2023-08-25 01:00:00,crm
TKT0120,CUST0048,AGT014,NORTHEAST,RETURNS,medium,pending,2024-12-04 15:00:00,2024-12-04 15:27:00,2024-12-05 04:00:00,crm
TKT0121,CUST0211,AGT012,southeast,ACCOUNT,low,resolved,2024-08-23 17:00:00,2024-08-23 19:33:00,2024-08-25 13:00:00,helpdesk
TKT0122,CUST0247,AGT008,southeast,BILLING,high,pending,2023-12-27 03:00:00,2023-12-27 05:37:00,2023-12-29 21:00:00,helpdesk
TKT0123,CUST0288,AGT025,southeast,SHIPPING,low,pending,2023-04-28 08:00:00,2023-04-28 10:36:00,2023-04-29 14:00:00,helpdesk
TKT0124,CUST0174,AGT012,NORTHEAST,TECHNICAL,medium,pending,2023-01-30 05:00:00,2023-01-30 06:19:00,2023-02-03 00:00:00,helpdesk
TKT0125,CUST0272,AGT007,WEST,ACCOUNT,urgent,resolved,2023-03-13 04:00:00,2023-03-13 06:52:00,,crm
TKT0126,CUST0027,AGT005,SOUTHEAST,SHIPPING,low,pending,2024-01-14 09:00:00,2024-01-14 10:33:00,2024-01-17 11:00:00,crm
TKT0127,CUST0227,AGT014,MIDWEST,TECHNICAL,low,resolved,2023-10-06 14:00:00,2023-10-06 16:59:00,2023-10-08 22:00:00,helpdesk
TKT0128,CUST0158,AGT002,SOUTHEAST,ACCOUNT,low,open,2023-04-24 09:00:00,2023-04-24 11:41:00,2023-04-27 01:00:00,crm
TKT0129,CUST0062,AGT001,WEST,ACCOUNT,medium,open,2023-11-05 06:00:00,2023-11-05 06:45:00,2023-11-06 16:00:00,helpdesk
TKT0130,CUST0182,AGT003,WEST,BILLING,urgent,open,2024-06-29 22:00:00,2024-06-29 23:08:00,2024-07-02 16:00:00,helpdesk
TKT0131,CUST0214,AGT010,NORTHEAST,ACCOUNT,low,resolved,2023-03-21 10:00:00,2023-03-21 12:37:00,2023-03-23 18:00:00,crm
TKT0132,CUST0055,AGT008,WEST,SHIPPING,urgent,pending,2024-09-24 14:00:00,2024-09-24 15:42:00,2024-09-25 03:00:00,crm
TKT0133,CUST0087,AGT003,SOUTHWEST,BILLING,medium,resolved,2024-02-10 09:00:00,2024-02-10 10:36:00,2024-02-11 15:00:00,helpdesk
TKT0134,CUST0102,AGT006,SOUTHWEST,TECHNICAL,low,open,2024-10-22 04:00:00,2024-10-22 05:10:00,2024-10-22 19:00:00,helpdesk
TKT0135,CUST0290,AGT021,northeast,SHIPPING,high,pending,2024-04-20 18:00:00,2024-04-20 20:38:00,2024-04-23 05:00:00,helpdesk
TKT0136,CUST0156,AGT026,MIDWEST,SHIPPING,low,resolved,2023-06-04 14:00:00,2023-06-04 14:27:00,2023-06-07 04:00:00,crm
TKT0137,CUST0147,AGT003,northeast,BILLING,urgent,resolved,2023-11-14 14:00:00,2023-11-14 16:05:00,,crm
TKT0138,CUST0244,AGT017,SOUTHEAST,BILLING,urgent,open,2024-04-05 18:00:00,2024-04-05 20:56:00,2024-04-06 20:00:00,helpdesk
TKT0139,CUST0225,AGT015,SOUTHWEST,SHIPPING,medium,resolved,2023-03-28 16:00:00,2023-03-28 18:55:00,,helpdesk
TKT0140,CUST0027,AGT026,northeast,RETURNS,low,resolved,2023-10-17 12:00:00,2023-10-17 13:54:00,2023-10-19 09:00:00,crm
TKT0141,CUST0077,AGT011,NORTHEAST,SHIPPING,medium,resolved,2024-07-25 21:00:00,2024-07-25 22:48:00,2024-07-27 11:00:00,helpdesk
TKT0142,CUST0044,AGT010,SOUTHWEST,ACCOUNT,high,open,2024-11-02 22:00:00,2024-11-03 00:59:00,2024-11-05 02:00:00,crm
TKT0143,CUST0186,AGT010,SOUTHEAST,TECHNICAL,high,resolved,2024-10-23 21:00:00,2024-10-23 22:58:00,2024-10-26 16:00:00,crm
TKT0144,CUST0052,AGT017,southeast,SHIPPING,low,pending,2023-08-20 04:00:00,2023-08-20 04:49:00,2023-08-20 15:00:00,helpdesk
TKT0145,CUST0093,AGT027,northeast,SHIPPING,medium,pending,2024-09-24 04:00:00,2024-09-24 06:42:00,2024-09-26 06:00:00,helpdesk
TKT0146,CUST0228,AGT020,MIDWEST,ACCOUNT,medium,pending,2023-02-14 13:00:00,2023-02-14 14:43:00,2023-02-18 05:00:00,crm
TKT0147,CUST0293,AGT015,WEST,RETURNS,urgent,pending,2023-11-13 15:00:00,2023-11-13 15:59:00,2023-11-15 16:00:00,helpdesk
TKT0148,CUST0027,AGT021,WEST,RETURNS,low,pending,2023-06-15 06:00:00,2023-06-15 08:44:00,2023-06-16 01:00:00,crm
TKT0149,CUST0263,AGT005,southeast,ACCOUNT,low,open,2023-10-19 02:00:00,2023-10-19 02:51:00,2023-10-20 14:00:00,helpdesk
TKT0150,CUST0192,AGT008,WEST,BILLING,high,open,2023-12-24 00:00:00,2023-12-24 01:56:00,2023-12-24 08:00:00,crm
TKT0151,CUST0071,AGT002,MIDWEST,ACCOUNT,medium,pending,2023-11-23 03:00:00,2023-11-23 05:56:00,2023-11-24 23:00:00,helpdesk
TKT0152,CUST0111,AGT027,SOUTHEAST,SHIPPING,urgent,open,2024-04-04 19:00:00,2024-04-04 19:11:00,,helpdesk
TKT0153,CUST0235,AGT003,NORTHEAST,ACCOUNT,low,pending,2023-09-01 09:00:00,2023-09-01 09:41:00,2023-09-01 17:00:00,crm
TKT0154,CUST0124,AGT019,WEST,TECHNICAL,low,pending,2023-05-28 09:00:00,2023-05-28 10:59:00,2023-05-28 11:00:00,helpdesk
TKT0155,CUST0260,AGT018,NORTHEAST,ACCOUNT,urgent,open,2023-03-11 16:00:00,2023-03-11 18:29:00,2023-03-14 10:00:00,helpdesk
TKT0156,CUST0177,AGT008,northeast,BILLING,high,open,2024-01-18 08:00:00,2024-01-18 08:14:00,2024-01-20 07:00:00,crm
TKT0157,CUST0238,AGT023,WEST,TECHNICAL,medium,open,2023-12-27 17:00:00,2023-12-27 18:36:00,2023-12-31 05:00:00,helpdesk
TKT0158,CUST0022,AGT011,MIDWEST,SHIPPING,urgent,pending,2023-02-07 09:00:00,2023-02-07 10:01:00,2023-02-07 16:00:00,helpdesk
TKT0159,CUST0025,AGT028,northeast,RETURNS,high,open,2023-09-17 01:00:00,2023-09-17 03:55:00,2023-09-18 03:00:00,helpdesk
TKT0160,CUST0096,AGT016,northeast,ACCOUNT,high,pending,2024-03-23 12:00:00,2024-03-23 14:02:00,2024-03-25 15:00:00,helpdesk
TKT0161,CUST0093,AGT018,MIDWEST,RETURNS,low,open,2023-03-26 23:00:00,2023-03-27 00:58:00,2023-03-27 11:00:00,helpdesk
TKT0162,CUST0219,AGT006,northeast,ACCOUNT,high,resolved,2024-11-07 09:00:00,2024-11-07 10:28:00,2024-11-09 20:00:00,crm
TKT0163,CUST0030,AGT003,northeast,ACCOUNT,high,pending,2023-12-28 19:00:00,2023-12-28 21:01:00,2023-12-30 08:00:00,crm
TKT0164,CUST0018,AGT005,NORTHEAST,TECHNICAL,high,resolved,2023-02-01 04:00:00,2023-02-01 06:45:00,2023-02-04 20:00:00,helpdesk
TKT0165,CUST0190,AGT012,WEST,BILLING,medium,pending,2024-08-03 01:00:00,2024-08-03 03:44:00,2024-08-03 22:00:00,helpdesk
TKT0166,CUST0059,AGT001,northeast,TECHNICAL,urgent,pending,2024-02-12 10:00:00,2024-02-12 12:56:00,2024-02-13 23:00:00,helpdesk
TKT0167,CUST0110,AGT020,MIDWEST,ACCOUNT,medium,open,2024-07-29 03:00:00,2024-07-29 04:17:00,2024-07-30 14:00:00,crm
TKT0168,CUST0045,AGT026,northeast,RETURNS,high,pending,2023-03-17 14:00:00,2023-03-17 14:54:00,2023-03-21 11:00:00,crm
TKT0169,CUST0090,AGT026,MIDWEST,SHIPPING,medium,open,2024-07-17 17:00:00,2024-07-17 18:24:00,2024-07-19 09:00:00,crm
TKT0170,CUST0294,AGT012,WEST,SHIPPING,medium,pending,2023-05-23 07:00:00,2023-05-23 09:16:00,2023-05-23 12:00:00,crm
TKT0171,CUST0270,AGT014,southeast,ACCOUNT,low,open,2023-03-09 09:00:00,2023-03-09 10:51:00,2023-03-13 06:00:00,helpdesk
TKT0172,CUST0177,AGT005,southeast,SHIPPING,medium,open,2024-10-19 02:00:00,2024-10-19 04:05:00,2024-10-21 15:00:00,helpdesk
TKT0173,CUST0085,AGT006,MIDWEST,TECHNICAL,high,pending,2024-05-29 01:00:00,2024-05-29 01:41:00,2024-05-31 21:00:00,helpdesk
TKT0174,CUST0141,AGT005,northeast,RETURNS,low,pending,2023-03-22 08:00:00,2023-03-22 09:00:00,2023-03-25 19:00:00,crm
TKT0175,CUST0173,AGT027,SOUTHWEST,BILLING,low,open,2024-08-29 18:00:00,2024-08-29 18:49:00,2024-08-30 17:00:00,crm
TKT0176,CUST0293,AGT014,SOUTHWEST,BILLING,urgent,pending,2024-10-18 18:00:00,2024-10-18 19:17:00,2024-10-22 07:00:00,helpdesk
TKT0177,CUST0208,AGT010,WEST,BILLING,low,open,2024-10-19 09:00:00,2024-10-19 11:13:00,2024-10-20 18:00:00,helpdesk
TKT0178,CUST0074,AGT011,southeast,RETURNS,high,resolved,2024-03-01 15:00:00,2024-03-01 17:08:00,2024-03-02 19:00:00,crm
TKT0179,CUST0239,AGT004,MIDWEST,ACCOUNT,medium,open,2024-01-15 16:00:00,2024-01-15 18:33:00,2024-01-16 07:00:00,crm
TKT0180,CUST0082,AGT027,MIDWEST,SHIPPING,high,open,2023-02-21 09:00:00,2023-02-21 10:48:00,2023-02-24 17:00:00,crm
TKT0181,CUST0255,AGT001,NORTHEAST,ACCOUNT,urgent,open,2024-05-25 16:00:00,2024-05-25 18:09:00,2024-05-28 09:00:00,crm
TKT0182,CUST0241,AGT010,SOUTHWEST,BILLING,low,resolved,2024-08-20 11:00:00,2024-08-20 11:22:00,2024-08-20 19:00:00,crm
TKT0183,CUST0206,AGT002,SOUTHWEST,SHIPPING,medium,resolved,2023-09-28 23:00:00,2023-09-29 00:43:00,2023-10-01 04:00:00,helpdesk
TKT0184,CUST0144,AGT027,SOUTHWEST,SHIPPING,low,open,2023-03-17 12:00:00,2023-03-17 14:19:00,2023-03-19 23:00:00,crm
TKT0185,CUST0074,AGT007,SOUTHWEST,SHIPPING,urgent,pending,2024-02-08 11:00:00,2024-02-08 12:36:00,2024-02-11 12:00:00,crm
TKT0186,CUST0243,AGT017,WEST,TECHNICAL,medium,resolved,2023-02-16 01:00:00,2023-02-16 01:45:00,2023-02-19 22:00:00,helpdesk
TKT0187,CUST0173,AGT017,southeast,SHIPPING,urgent,pending,2023-06-16 12:00:00,2023-06-16 14:47:00,2023-06-20 12:00:00,helpdesk
TKT0188,CUST0214,AGT019,MIDWEST,BILLING,urgent,resolved,2024-05-01 00:00:00,2024-05-01 01:44:00,2024-05-02 20:00:00,crm
TKT0189,CUST0195,AGT005,southeast,TECHNICAL,low,pending,2023-02-22 18:00:00,2023-02-22 20:12:00,2023-02-23 17:00:00,crm
TKT0190,CUST0212,AGT023,SOUTHEAST,ACCOUNT,urgent,pending,2023-07-15 00:00:00,2023-07-15 02:02:00,2023-07-16 18:00:00,crm
TKT0191,CUST0245,AGT017,WEST,RETURNS,medium,resolved,2024-12-23 04:00:00,2024-12-23 06:22:00,2024-12-24 08:00:00,helpdesk
TKT0192,CUST0248,AGT007,SOUTHEAST,RETURNS,high,open,2024-07-13 11:00:00,2024-07-13 13:54:00,2024-07-17 05:00:00,helpdesk
TKT0193,CUST0163,AGT016,MIDWEST,SHIPPING,high,resolved,2023-10-23 22:00:00,2023-10-23 23:03:00,2023-10-27 16:00:00,crm
TKT0194,CUST0203,AGT027,MIDWEST,TECHNICAL,high,open,2024-08-10 21:00:00,2024-08-10 23:29:00,2024-08-12 23:00:00,helpdesk
TKT0195,CUST0246,AGT007,SOUTHEAST,SHIPPING,high,pending,2023-03-22 11:00:00,2023-03-22 13:03:00,2023-03-26 00:00:00,helpdesk
TKT0196,CUST0125,AGT002,northeast,SHIPPING,medium,pending,2023-05-21 03:00:00,2023-05-21 05:47:00,2023-05-25 03:00:00,crm
TKT0197,CUST0052,AGT022,southeast,TECHNICAL,low,pending,2023-02-23 03:00:00,2023-02-23 04:55:00,2023-02-24 23:00:00,crm
TKT0198,CUST0148,AGT011,MIDWEST,BILLING,low,pending,2024-02-21 20:00:00,2024-02-21 22:11:00,2024-02-24 11:00:00,crm
TKT0199,CUST0091,AGT030,NORTHEAST,ACCOUNT,urgent,open,2024-07-01 23:00:00,2024-07-01 23:19:00,2024-07-02 23:00:00,helpdesk
TKT0200,CUST0172,AGT010,WEST,SHIPPING,urgent,open,2023-02-08 00:00:00,2023-02-08 01:26:00,2023-02-11 02:00:00,helpdesk
TKT0201,CUST0235,AGT021,MIDWEST,TECHNICAL,low,pending,2023-10-07 06:00:00,2023-10-07 06:38:00,2023-10-09 02:00:00,helpdesk
TKT0202,CUST0208,AGT027,WEST,SHIPPING,high,open,2023-10-30 18:00:00,2023-10-30 18:59:00,2023-10-31 18:00:00,helpdesk
TKT0203,CUST0128,AGT001,MIDWEST,ACCOUNT,medium,resolved,2024-11-16 03:00:00,2024-11-16 03:57:00,2024-11-16 22:00:00,helpdesk
TKT0204,CUST0134,AGT021,MIDWEST,TECHNICAL,low,pending,2023-12-04 09:00:00,2023-12-04 11:39:00,2023-12-08 07:00:00,crm
TKT0205,CUST0160,AGT023,NORTHEAST,RETURNS,high,pending,2024-04-21 09:00:00,2024-04-21 09:50:00,2024-04-23 14:00:00,crm
TKT0206,CUST0192,AGT014,northeast,SHIPPING,urgent,pending,2023-08-13 04:00:00,2023-08-13 06:12:00,2023-08-14 01:00:00,crm
TKT0207,CUST0271,AGT023,MIDWEST,BILLING,low,open,2023-09-11 21:00:00,2023-09-11 23:42:00,2023-09-12 09:00:00,crm
TKT0208,CUST0267,AGT015,NORTHEAST,TECHNICAL,urgent,open,2024-08-09 17:00:00,2024-08-09 17:48:00,2024-08-10 16:00:00,helpdesk
TKT0209,CUST0289,AGT002,SOUTHWEST,ACCOUNT,high,pending,2023-02-26 14:00:00,2023-02-26 14:43:00,2023-03-01 09:00:00,crm
TKT0210,CUST0024,AGT014,MIDWEST,BILLING,low,open,2024-02-10 08:00:00,2024-02-10 08:10:00,2024-02-11 13:00:00,helpdesk
TKT0211,CUST0216,AGT012,WEST,ACCOUNT,urgent,resolved,2023-02-02 09:00:00,2023-02-02 10:54:00,2023-02-03 10:00:00,crm
TKT0212,CUST0179,AGT004,SOUTHEAST,SHIPPING,urgent,pending,2024-11-30 21:00:00,2024-11-30 23:28:00,2024-12-01 16:00:00,crm
TKT0213,CUST0279,AGT014,SOUTHWEST,ACCOUNT,medium,open,2023-08-17 00:00:00,2023-08-17 00:15:00,2023-08-18 16:00:00,helpdesk
TKT0214,CUST0058,AGT002,southeast,ACCOUNT,low,open,2023-12-21 04:00:00,2023-12-21 05:20:00,2023-12-22 06:00:00,crm
TKT0215,CUST0025,AGT008,northeast,BILLING,urgent,resolved,2023-03-10 03:00:00,2023-03-10 05:42:00,2023-03-10 09:00:00,crm
TKT0216,CUST0149,AGT008,southeast,SHIPPING,high,pending,2024-07-06 06:00:00,2024-07-06 06:24:00,2024-07-07 01:00:00,helpdesk
TKT0217,CUST0212,AGT010,MIDWEST,BILLING,medium,pending,2023-08-31 09:00:00,2023-08-31 09:46:00,2023-09-03 23:00:00,helpdesk
TKT0218,CUST0196,AGT026,SOUTHWEST,RETURNS,urgent,resolved,2024-07-23 15:00:00,2024-07-23 15:22:00,2024-07-25 13:00:00,crm
TKT0219,CUST0116,AGT010,southeast,TECHNICAL,urgent,open,2023-11-04 12:00:00,2023-11-04 12:57:00,2023-11-07 10:00:00,helpdesk
TKT0220,CUST0131,AGT007,MIDWEST,BILLING,urgent,resolved,2024-03-02 17:00:00,2024-03-02 19:25:00,2024-03-03 12:00:00,crm
TKT0221,CUST0021,AGT028,NORTHEAST,TECHNICAL,medium,resolved,2024-07-02 23:00:00,2024-07-02 23:58:00,2024-07-03 07:00:00,crm
TKT0222,CUST0061,AGT024,southeast,ACCOUNT,medium,pending,2023-12-07 09:00:00,2023-12-07 09:13:00,2023-12-08 14:00:00,crm
TKT0223,CUST0195,AGT015,SOUTHWEST,RETURNS,high,resolved,2024-02-11 07:00:00,2024-02-11 09:31:00,2024-02-13 02:00:00,helpdesk
TKT0224,CUST0241,AGT025,southeast,RETURNS,medium,resolved,2024-06-09 15:00:00,2024-06-09 17:09:00,2024-06-10 05:00:00,helpdesk
TKT0225,CUST0009,AGT009,SOUTHWEST,SHIPPING,urgent,resolved,2024-02-28 01:00:00,2024-02-28 03:34:00,2024-02-29 07:00:00,crm
TKT0226,CUST0126,AGT016,SOUTHWEST,RETURNS,high,resolved,2023-07-20 10:00:00,2023-07-20 11:08:00,2023-07-22 12:00:00,helpdesk
TKT0227,CUST0280,AGT016,SOUTHEAST,SHIPPING,low,pending,2024-04-16 05:00:00,2024-04-16 06:40:00,2024-04-17 04:00:00,crm
TKT0228,CUST0119,AGT003,northeast,TECHNICAL,low,open,2023-03-18 21:00:00,2023-03-18 21:22:00,2023-03-18 23:00:00,helpdesk
TKT0229,CUST0248,AGT022,WEST,BILLING,low,pending,2024-01-18 01:00:00,2024-01-18 03:48:00,2024-01-21 12:00:00,helpdesk
TKT0230,CUST0147,AGT001,SOUTHWEST,ACCOUNT,medium,open,2023-01-13 00:00:00,2023-01-13 02:25:00,2023-01-16 22:00:00,crm
TKT0231,CUST0130,AGT027,MIDWEST,RETURNS,urgent,open,2024-06-20 04:00:00,2024-06-20 05:11:00,2024-06-21 06:00:00,helpdesk
TKT0232,CUST0116,AGT010,northeast,BILLING,low,open,2024-02-20 14:00:00,2024-02-20 16:34:00,2024-02-21 23:00:00,helpdesk
TKT0233,CUST0005,AGT023,SOUTHEAST,BILLING,urgent,resolved,2024-01-24 12:00:00,2024-01-24 14:31:00,,helpdesk
TKT0234,CUST0291,AGT016,MIDWEST,BILLING,low,pending,2024-08-02 03:00:00,2024-08-02 05:25:00,2024-08-02 10:00:00,helpdesk
TKT0235,CUST0162,AGT001,SOUTHEAST,SHIPPING,medium,pending,2024-07-10 18:00:00,2024-07-10 20:58:00,2024-07-11 00:00:00,helpdesk
TKT0236,CUST0200,AGT022,SOUTHWEST,RETURNS,urgent,pending,2023-03-20 09:00:00,2023-03-20 09:51:00,2023-03-23 11:00:00,crm
TKT0237,CUST0178,AGT002,NORTHEAST,ACCOUNT,medium,open,2024-12-06 23:00:00,2024-12-06 23:30:00,2024-12-09 17:00:00,helpdesk
TKT0238,CUST0168,AGT001,northeast,RETURNS,urgent,resolved,2024-09-11 19:00:00,2024-09-11 21:42:00,2024-09-13 23:00:00,crm
TKT0239,CUST0300,AGT022,WEST,BILLING,high,open,2023-12-31 17:00:00,2023-12-31 18:46:00,2024-01-03 02:00:00,crm
TKT0240,CUST0079,AGT024,WEST,RETURNS,high,open,2023-03-26 08:00:00,2023-03-26 08:49:00,2023-03-28 10:00:00,crm
TKT0241,CUST0053,AGT005,NORTHEAST,TECHNICAL,urgent,resolved,2023-01-06 09:00:00,2023-01-06 11:03:00,2023-01-08 09:00:00,helpdesk
TKT0242,CUST0167,AGT028,WEST,BILLING,high,resolved,2023-04-16 00:00:00,2023-04-16 00:32:00,2023-04-17 23:00:00,helpdesk
TKT0243,CUST0087,AGT022,WEST,TECHNICAL,medium,resolved,2023-03-28 23:00:00,2023-03-29 01:33:00,2023-03-30 08:00:00,helpdesk
TKT0244,CUST0142,AGT014,MIDWEST,ACCOUNT,low,resolved,2023-10-02 15:00:00,2023-10-02 15:47:00,2023-10-03 01:00:00,helpdesk
TKT0245,CUST0101,AGT015,NORTHEAST,TECHNICAL,high,open,2023-09-10 23:00:00,2023-09-11 01:50:00,2023-09-13 16:00:00,helpdesk
TKT0246,CUST0221,AGT027,southeast,SHIPPING,medium,resolved,2023-12-07 19:00:00,2023-12-07 20:47:00,2023-12-09 15:00:00,helpdesk
TKT0247,CUST0204,AGT011,MIDWEST,ACCOUNT,medium,resolved,2024-09-09 22:00:00,2024-09-09 23:01:00,2024-09-12 13:00:00,helpdesk
TKT0248,CUST0103,AGT019,SOUTHWEST,TECHNICAL,low,pending,2023-10-15 12:00:00,2023-10-15 13:43:00,2023-10-16 04:00:00,helpdesk
TKT0249,CUST0036,AGT027,southeast,ACCOUNT,urgent,open,2024-12-26 06:00:00,2024-12-26 08:02:00,2024-12-27 21:00:00,helpdesk
TKT0250,CUST0194,AGT003,WEST,SHIPPING,urgent,pending,2023-09-05 08:00:00,2023-09-05 10:58:00,2023-09-06 05:00:00,helpdesk
TKT0251,CUST0185,AGT023,southeast,SHIPPING,low,open,2024-07-01 16:00:00,2024-07-01 17:57:00,,crm
TKT0252,CUST0023,AGT019,northeast,ACCOUNT,high,resolved,2024-11-04 21:00:00,2024-11-04 22:40:00,2024-11-05 20:00:00,crm
TKT0253,CUST0266,AGT018,SOUTHWEST,SHIPPING,medium,resolved,2023-01-11 03:00:00,2023-01-11 04:16:00,2023-01-12 09:00:00,helpdesk
TKT0254,CUST0177,AGT001,WEST,BILLING,high,resolved,2024-02-05 14:00:00,2024-02-05 16:40:00,2024-02-09 08:00:00,crm
TKT0255,CUST0234,AGT026,SOUTHEAST,SHIPPING,urgent,resolved,2023-04-29 23:00:00,2023-04-29 23:46:00,2023-05-01 21:00:00,helpdesk
TKT0256,CUST0023,AGT026,northeast,BILLING,low,resolved,2023-04-10 14:00:00,2023-04-10 16:05:00,,crm
TKT0257,CUST0082,AGT011,SOUTHWEST,ACCOUNT,urgent,open,2024-11-24 05:00:00,2024-11-24 06:12:00,2024-11-27 01:00:00,helpdesk
TKT0258,CUST0203,AGT001,northeast,SHIPPING,medium,resolved,2024-10-06 05:00:00,2024-10-06 05:57:00,2024-10-09 16:00:00,helpdesk
TKT0259,CUST0033,AGT019,NORTHEAST,SHIPPING,medium,resolved,2024-02-03 00:00:00,2024-02-03 01:04:00,2024-02-04 04:00:00,helpdesk
TKT0260,CUST0251,AGT017,northeast,RETURNS,urgent,pending,2023-07-21 14:00:00,2023-07-21 14:39:00,2023-07-23 01:00:00,helpdesk
TKT0261,CUST0089,AGT027,northeast,RETURNS,low,pending,2024-08-24 03:00:00,2024-08-24 04:39:00,2024-08-26 02:00:00,crm
TKT0262,CUST0192,AGT023,SOUTHEAST,SHIPPING,urgent,resolved,2023-11-17 03:00:00,2023-11-17 04:11:00,2023-11-18 20:00:00,crm
TKT0263,CUST0276,AGT023,northeast,TECHNICAL,medium,resolved,2024-08-11 12:00:00,2024-08-11 13:58:00,2024-08-12 13:00:00,helpdesk
TKT0264,CUST0184,AGT001,WEST,TECHNICAL,medium,resolved,2023-05-24 05:00:00,2023-05-24 06:30:00,2023-05-26 16:00:00,helpdesk
TKT0265,CUST0228,AGT016,SOUTHEAST,BILLING,low,open,2024-02-23 21:00:00,2024-02-23 23:15:00,2024-02-26 04:00:00,helpdesk
TKT0266,CUST0235,AGT019,northeast,ACCOUNT,low,pending,2023-02-03 08:00:00,2023-02-03 09:07:00,2023-02-06 06:00:00,crm
TKT0267,CUST0022,AGT025,northeast,ACCOUNT,medium,resolved,2023-10-02 17:00:00,2023-10-02 18:43:00,2023-10-05 16:00:00,crm
TKT0268,CUST0179,AGT028,southeast,BILLING,urgent,open,2024-10-31 07:00:00,2024-10-31 08:26:00,2024-10-31 13:00:00,crm
TKT0269,CUST0220,AGT006,SOUTHWEST,TECHNICAL,medium,open,2023-08-03 23:00:00,2023-08-04 01:40:00,2023-08-07 17:00:00,crm
TKT0270,CUST0087,AGT011,northeast,RETURNS,high,pending,2024-08-06 11:00:00,2024-08-06 13:26:00,2024-08-08 00:00:00,helpdesk
TKT0271,CUST0211,AGT030,NORTHEAST,RETURNS,medium,pending,2024-06-10 21:00:00,2024-06-10 21:34:00,2024-06-11 16:00:00,crm
TKT0272,CUST0202,AGT016,SOUTHEAST,SHIPPING,high,pending,2023-09-13 04:00:00,2023-09-13 05:32:00,2023-09-14 13:00:00,helpdesk
TKT0273,CUST0048,AGT013,SOUTHWEST,RETURNS,high,resolved,2024-01-20 14:00:00,2024-01-20 14:29:00,2024-01-24 01:00:00,helpdesk
TKT0274,CUST0235,AGT021,northeast,RETURNS,low,pending,2023-12-02 18:00:00,2023-12-02 18:10:00,,helpdesk
TKT0275,CUST0146,AGT011,SOUTHWEST,SHIPPING,medium,pending,2023-08-12 13:00:00,2023-08-12 14:04:00,2023-08-15 06:00:00,helpdesk
TKT0276,CUST0236,AGT001,NORTHEAST,TECHNICAL,urgent,resolved,2023-12-18 21:00:00,2023-12-18 21:22:00,,crm
TKT0277,CUST0141,AGT003,northeast,RETURNS,high,open,2024-03-14 06:00:00,2024-03-14 06:43:00,2024-03-17 19:00:00,helpdesk
TKT0278,CUST0157,AGT024,northeast,TECHNICAL,urgent,pending,2024-11-11 20:00:00,2024-11-11 20:52:00,2024-11-12 04:00:00,crm
TKT0279,CUST0068,AGT019,SOUTHEAST,SHIPPING,urgent,open,2024-12-21 03:00:00,2024-12-21 03:10:00,2024-12-22 08:00:00,crm
TKT0280,CUST0245,AGT003,SOUTHEAST,ACCOUNT,low,pending,2024-12-13 10:00:00,2024-12-13 10:40:00,2024-12-15 18:00:00,crm
TKT0281,CUST0069,AGT021,northeast,TECHNICAL,low,pending,2023-04-16 10:00:00,2023-04-16 11:44:00,2023-04-18 02:00:00,crm
TKT0282,CUST0110,AGT021,northeast,TECHNICAL,urgent,pending,2024-09-16 20:00:00,2024-09-16 20:52:00,2024-09-19 06:00:00,helpdesk
TKT0283,CUST0197,AGT012,WEST,RETURNS,medium,open,2023-08-11 02:00:00,2023-08-11 02:35:00,2023-08-11 21:00:00,helpdesk
TKT0284,CUST0146,AGT025,northeast,BILLING,high,open,2024-10-22 02:00:00,2024-10-22 03:13:00,2024-10-25 02:00:00,crm
TKT0285,CUST0123,AGT016,WEST,BILLING,medium,resolved,2024-02-06 09:00:00,2024-02-06 11:55:00,2024-02-06 17:00:00,crm
TKT0286,CUST0292,AGT014,MIDWEST,SHIPPING,medium,resolved,2024-06-24 00:00:00,2024-06-24 01:42:00,2024-06-25 18:00:00,crm
TKT0287,CUST0021,AGT030,NORTHEAST,ACCOUNT,high,pending,2023-01-18 18:00:00,2023-01-18 18:27:00,2023-01-18 21:00:00,helpdesk
TKT0288,CUST0276,AGT020,SOUTHEAST,RETURNS,low,resolved,2024-03-09 22:00:00,2024-03-09 23:52:00,2024-03-10 10:00:00,crm
TKT0289,CUST0034,AGT010,northeast,ACCOUNT,medium,open,2024-06-07 06:00:00,2024-06-07 06:49:00,2024-06-10 04:00:00,crm
TKT0290,CUST0029,AGT010,northeast,TECHNICAL,low,open,2023-03-30 13:00:00,2023-03-30 13:39:00,2023-04-02 01:00:00,crm
TKT0291,CUST0268,AGT017,southeast,RETURNS,medium,resolved,2024-12-19 00:00:00,2024-12-19 00:51:00,2024-12-21 17:00:00,crm
TKT0292,CUST0220,AGT009,SOUTHWEST,BILLING,high,pending,2023-10-03 23:00:00,2023-10-03 23:40:00,2023-10-04 04:00:00,crm
TKT0293,CUST0291,AGT006,MIDWEST,TECHNICAL,high,open,2024-05-23 14:00:00,2024-05-23 16:20:00,,crm
TKT0294,CUST0007,AGT008,NORTHEAST,ACCOUNT,high,resolved,2023-08-22 23:00:00,2023-08-23 01:20:00,,crm
TKT0295,CUST0215,AGT008,MIDWEST,TECHNICAL,urgent,pending,2023-07-03 01:00:00,2023-07-03 03:31:00,2023-07-06 22:00:00,helpdesk
TKT0296,CUST0027,AGT006,SOUTHEAST,SHIPPING,low,resolved,2023-10-05 02:00:00,2023-10-05 04:36:00,2023-10-07 03:00:00,crm
TKT0297,CUST0234,AGT001,MIDWEST,TECHNICAL,high,pending,2024-04-21 09:00:00,2024-04-21 10:29:00,,helpdesk
TKT0298,CUST0253,AGT025,southeast,TECHNICAL,medium,open,2024-09-29 07:00:00,2024-09-29 09:08:00,2024-10-01 08:00:00,crm
TKT0299,CUST0005,AGT011,NORTHEAST,ACCOUNT,high,open,2024-02-24 00:00:00,2024-02-24 01:09:00,2024-02-26 23:00:00,crm
TKT0300,CUST0073,AGT023,MIDWEST,BILLING,low,open,2024-06-26 07:00:00,2024-06-26 08:57:00,2024-06-28 23:00:00,helpdesk
TKT0301,CUST0259,AGT005,northeast,ACCOUNT,low,pending,2024-12-18 11:00:00,2024-12-18 13:07:00,2024-12-18 23:00:00,crm
TKT0302,CUST0162,AGT030,southeast,ACCOUNT,high,resolved,2024-03-21 21:00:00,2024-03-21 21:43:00,2024-03-23 05:00:00,helpdesk
TKT0303,CUST0300,AGT004,SOUTHEAST,BILLING,medium,resolved,2023-10-06 07:00:00,2023-10-06 07:29:00,2023-10-07 10:00:00,helpdesk
TKT0304,CUST0107,AGT015,MIDWEST,ACCOUNT,high,open,2023-11-18 13:00:00,2023-11-18 13:40:00,2023-11-21 11:00:00,crm
TKT0305,CUST0021,AGT007,southeast,RETURNS,medium,open,2023-06-11 21:00:00,2023-06-11 22:27:00,2023-06-15 17:00:00,crm
TKT0306,CUST0134,AGT027,SOUTHEAST,BILLING,urgent,resolved,2023-12-31 12:00:00,2023-12-31 14:21:00,2023-12-31 20:00:00,crm
TKT0307,CUST0032,AGT027,southeast,TECHNICAL,medium,open,2023-04-07 14:00:00,2023-04-07 14:36:00,2023-04-08 09:00:00,helpdesk
TKT0308,CUST0133,AGT030,southeast,BILLING,low,open,2024-01-17 21:00:00,2024-01-17 23:51:00,,crm
TKT0309,CUST0170,AGT004,NORTHEAST,ACCOUNT,low,open,2024-10-23 14:00:00,2024-10-23 14:42:00,2024-10-24 03:00:00,helpdesk
TKT0310,CUST0089,AGT012,SOUTHEAST,TECHNICAL,high,resolved,2024-02-09 15:00:00,2024-02-09 15:17:00,2024-02-11 17:00:00,helpdesk
TKT0311,CUST0152,AGT016,WEST,SHIPPING,urgent,open,2023-06-02 01:00:00,2023-06-02 03:47:00,2023-06-05 10:00:00,crm
TKT0312,CUST0270,AGT008,northeast,SHIPPING,low,resolved,2023-10-14 12:00:00,2023-10-14 12:45:00,2023-10-16 19:00:00,helpdesk
TKT0313,CUST0258,AGT011,WEST,RETURNS,medium,open,2024-05-06 17:00:00,2024-05-06 19:14:00,2024-05-08 15:00:00,helpdesk
TKT0314,CUST0242,AGT017,MIDWEST,SHIPPING,medium,open,2024-09-03 07:00:00,2024-09-03 07:17:00,,crm
TKT0315,CUST0029,AGT025,SOUTHEAST,SHIPPING,urgent,resolved,2023-09-11 21:00:00,2023-09-11 22:11:00,2023-09-13 09:00:00,crm
TKT0316,CUST0184,AGT030,SOUTHWEST,BILLING,high,pending,2023-06-30 07:00:00,2023-06-30 09:41:00,2023-07-02 01:00:00,crm
TKT0317,CUST0252,AGT002,NORTHEAST,BILLING,medium,pending,2024-07-30 06:00:00,2024-07-30 08:16:00,2024-08-02 05:00:00,crm
TKT0318,CUST0104,AGT026,SOUTHEAST,RETURNS,medium,resolved,2023-01-21 16:00:00,2023-01-21 18:12:00,2023-01-21 18:00:00,crm
TKT0319,CUST0057,AGT028,SOUTHWEST,RETURNS,low,resolved,2023-01-23 04:00:00,2023-01-23 06:40:00,2023-01-27 00:00:00,helpdesk
TKT0320,CUST0081,AGT024,WEST,ACCOUNT,high,open,2024-08-23 03:00:00,2024-08-23 04:36:00,2024-08-24 19:00:00,helpdesk
TKT0321,CUST0151,AGT005,SOUTHEAST,BILLING,urgent,pending,2023-08-17 21:00:00,2023-08-17 23:40:00,2023-08-18 21:00:00,crm
TKT0322,CUST0290,AGT004,WEST,TECHNICAL,high,pending,2023-07-06 19:00:00,2023-07-06 20:31:00,2023-07-10 03:00:00,crm
TKT0323,CUST0046,AGT027,northeast,RETURNS,urgent,open,2023-09-01 11:00:00,2023-09-01 12:31:00,2023-09-02 10:00:00,helpdesk
TKT0324,CUST0056,AGT024,NORTHEAST,BILLING,urgent,resolved,2023-08-03 07:00:00,2023-08-03 07:27:00,2023-08-05 05:00:00,helpdesk
TKT0325,CUST0193,AGT004,southeast,ACCOUNT,medium,open,2023-06-20 13:00:00,2023-06-20 15:16:00,2023-06-22 15:00:00,helpdesk
TKT0326,CUST0054,AGT003,MIDWEST,TECHNICAL,urgent,open,2023-03-17 01:00:00,2023-03-17 02:25:00,2023-03-17 05:00:00,crm
TKT0327,CUST0248,AGT023,NORTHEAST,ACCOUNT,medium,pending,2024-07-14 02:00:00,2024-07-14 03:36:00,2024-07-17 08:00:00,helpdesk
TKT0328,CUST0098,AGT014,northeast,SHIPPING,high,pending,2023-06-10 01:00:00,2023-06-10 01:35:00,2023-06-11 21:00:00,helpdesk
TKT0329,CUST0282,AGT027,WEST,TECHNICAL,low,resolved,2023-11-01 07:00:00,2023-11-01 07:34:00,2023-11-01 15:00:00,crm
TKT0330,CUST0246,AGT007,NORTHEAST,BILLING,medium,open,2024-03-13 02:00:00,2024-03-13 03:25:00,2024-03-16 16:00:00,helpdesk
TKT0331,CUST0242,AGT016,northeast,RETURNS,low,pending,2023-03-25 15:00:00,2023-03-25 15:39:00,2023-03-27 08:00:00,helpdesk
TKT0332,CUST0023,AGT009,WEST,ACCOUNT,high,open,2023-07-09 11:00:00,2023-07-09 12:47:00,2023-07-11 12:00:00,helpdesk
TKT0333,CUST0044,AGT022,MIDWEST,SHIPPING,urgent,pending,2024-07-31 01:00:00,2024-07-31 01:48:00,2024-08-03 20:00:00,crm
TKT0334,CUST0275,AGT022,southeast,ACCOUNT,medium,resolved,2024-07-20 01:00:00,2024-07-20 02:49:00,2024-07-22 21:00:00,helpdesk
TKT0335,CUST0265,AGT026,SOUTHWEST,SHIPPING,medium,open,2023-03-22 12:00:00,2023-03-22 12:18:00,2023-03-25 06:00:00,helpdesk
TKT0336,CUST0217,AGT003,northeast,ACCOUNT,medium,pending,2023-06-27 05:00:00,2023-06-27 06:04:00,2023-06-28 07:00:00,crm
TKT0337,CUST0035,AGT003,WEST,SHIPPING,urgent,pending,2024-09-01 08:00:00,2024-09-01 09:31:00,2024-09-05 07:00:00,helpdesk
TKT0338,CUST0268,AGT026,WEST,BILLING,urgent,open,2023-10-10 16:00:00,2023-10-10 18:07:00,2023-10-10 19:00:00,crm
TKT0339,CUST0289,AGT025,NORTHEAST,RETURNS,high,resolved,2024-08-03 18:00:00,2024-08-03 20:39:00,2024-08-04 08:00:00,helpdesk
TKT0340,CUST0020,AGT006,MIDWEST,ACCOUNT,medium,pending,2024-01-28 20:00:00,2024-01-28 22:14:00,2024-01-31 23:00:00,helpdesk
TKT0341,CUST0244,AGT030,MIDWEST,RETURNS,low,resolved,2023-02-09 12:00:00,2023-02-09 13:34:00,2023-02-13 06:00:00,helpdesk
TKT0342,CUST0117,AGT005,MIDWEST,ACCOUNT,high,resolved,2023-11-15 08:00:00,2023-11-15 10:15:00,2023-11-19 03:00:00,helpdesk
TKT0343,CUST0209,AGT024,WEST,SHIPPING,high,open,2024-09-11 20:00:00,2024-09-11 20:32:00,2024-09-12 22:00:00,crm
TKT0344,CUST0269,AGT029,SOUTHWEST,BILLING,medium,open,2023-03-09 09:00:00,2023-03-09 11:19:00,2023-03-11 14:00:00,crm
TKT0345,CUST0185,AGT023,SOUTHEAST,RETURNS,high,resolved,2023-03-01 07:00:00,2023-03-01 07:18:00,,helpdesk
TKT0346,CUST0229,AGT006,southeast,ACCOUNT,high,resolved,2024-10-12 03:00:00,2024-10-12 03:17:00,2024-10-13 11:00:00,crm
TKT0347,CUST0026,AGT006,southeast,SHIPPING,medium,open,2023-09-22 23:00:00,2023-09-22 23:33:00,,crm
TKT0348,CUST0011,AGT028,southeast,BILLING,urgent,open,2024-11-24 06:00:00,2024-11-24 07:18:00,2024-11-27 19:00:00,crm
TKT0349,CUST0157,AGT023,northeast,RETURNS,urgent,resolved,2024-09-07 00:00:00,2024-09-07 01:07:00,2024-09-08 10:00:00,helpdesk
TKT0350,CUST0267,AGT027,SOUTHWEST,ACCOUNT,low,open,2024-04-15 08:00:00,2024-04-15 09:05:00,2024-04-17 21:00:00,helpdesk
TKT0351,CUST0056,AGT016,NORTHEAST,RETURNS,high,pending,2024-07-28 20:00:00,2024-07-28 22:42:00,2024-08-01 03:00:00,helpdesk
TKT0352,CUST0153,AGT007,SOUTHEAST,SHIPPING,medium,open,2023-10-11 08:00:00,2023-10-11 10:57:00,2023-10-15 05:00:00,helpdesk
TKT0353,CUST0255,AGT010,MIDWEST,ACCOUNT,urgent,resolved,2024-11-07 10:00:00,2024-11-07 10:45:00,,crm
TKT0354,CUST0114,AGT022,SOUTHWEST,ACCOUNT,high,pending,2024-08-20 22:00:00,2024-08-21 00:36:00,2024-08-22 00:00:00,helpdesk
TKT0355,CUST0242,AGT005,northeast,RETURNS,medium,pending,2023-06-24 21:00:00,2023-06-24 23:32:00,2023-06-25 22:00:00,helpdesk
TKT0356,CUST0158,AGT014,southeast,RETURNS,high,resolved,2024-11-01 02:00:00,2024-11-01 03:06:00,2024-11-03 01:00:00,helpdesk
TKT0357,CUST0299,AGT019,SOUTHWEST,BILLING,urgent,open,2024-04-19 03:00:00,2024-04-19 05:10:00,2024-04-19 11:00:00,crm
TKT0358,CUST0078,AGT005,SOUTHEAST,RETURNS,urgent,pending,2024-11-28 12:00:00,2024-11-28 14:25:00,2024-11-30 04:00:00,helpdesk
TKT0359,CUST0091,AGT011,northeast,BILLING,low,resolved,2023-05-27 10:00:00,2023-05-27 10:56:00,2023-05-27 22:00:00,helpdesk
TKT0360,CUST0046,AGT005,SOUTHWEST,ACCOUNT,urgent,resolved,2023-08-03 05:00:00,2023-08-03 07:37:00,2023-08-04 03:00:00,helpdesk
TKT0361,CUST0192,AGT001,MIDWEST,SHIPPING,medium,open,2024-05-03 12:00:00,2024-05-03 12:11:00,2024-05-03 18:00:00,crm
TKT0362,CUST0177,AGT010,SOUTHEAST,BILLING,urgent,pending,2024-10-03 23:00:00,2024-10-04 00:13:00,2024-10-05 05:00:00,helpdesk
TKT0363,CUST0234,AGT024,SOUTHWEST,SHIPPING,high,resolved,2023-06-21 02:00:00,2023-06-21 02:21:00,2023-06-22 18:00:00,crm
TKT0364,CUST0207,AGT001,SOUTHEAST,TECHNICAL,medium,open,2023-12-17 15:00:00,2023-12-17 16:41:00,2023-12-18 17:00:00,crm
TKT0365,CUST0020,AGT013,northeast,RETURNS,low,pending,2024-08-26 16:00:00,2024-08-26 16:53:00,2024-08-27 09:00:00,crm
TKT0366,CUST0060,AGT014,WEST,ACCOUNT,low,pending,2024-11-08 03:00:00,2024-11-08 05:57:00,,helpdesk
TKT0367,CUST0005,AGT010,WEST,BILLING,high,pending,2024-04-30 22:00:00,2024-04-30 22:49:00,2024-05-02 02:00:00,crm
TKT0368,CUST0145,AGT004,southeast,BILLING,urgent,open,2024-03-04 03:00:00,2024-03-04 05:20:00,2024-03-08 01:00:00,crm
TKT0369,CUST0152,AGT006,NORTHEAST,SHIPPING,urgent,open,2023-09-27 16:00:00,2023-09-27 17:01:00,2023-09-29 15:00:00,helpdesk
TKT0370,CUST0057,AGT027,SOUTHWEST,ACCOUNT,medium,open,2023-12-05 07:00:00,2023-12-05 07:10:00,2023-12-05 10:00:00,crm
TKT0371,CUST0152,AGT009,WEST,BILLING,low,open,2023-04-14 08:00:00,2023-04-14 10:54:00,2023-04-15 15:00:00,crm
TKT0372,CUST0049,AGT028,southeast,BILLING,low,open,2023-10-25 11:00:00,2023-10-25 12:30:00,2023-10-27 19:00:00,crm
TKT0373,CUST0048,AGT012,southeast,RETURNS,medium,open,2023-12-03 11:00:00,2023-12-03 13:02:00,2023-12-06 20:00:00,helpdesk
TKT0374,CUST0245,AGT026,WEST,TECHNICAL,low,open,2024-02-14 14:00:00,2024-02-14 15:19:00,2024-02-16 17:00:00,crm
TKT0375,CUST0292,AGT022,WEST,TECHNICAL,urgent,resolved,2023-06-13 03:00:00,2023-06-13 04:56:00,2023-06-16 08:00:00,crm
TKT0376,CUST0058,AGT029,WEST,ACCOUNT,low,open,2024-12-01 23:00:00,2024-12-01 23:43:00,2024-12-04 14:00:00,helpdesk
TKT0377,CUST0269,AGT025,northeast,SHIPPING,medium,pending,2024-11-01 10:00:00,2024-11-01 10:13:00,2024-11-05 06:00:00,helpdesk
TKT0378,CUST0128,AGT016,MIDWEST,ACCOUNT,medium,pending,2024-06-15 16:00:00,2024-06-15 18:48:00,2024-06-16 06:00:00,crm
TKT0379,CUST0254,AGT028,SOUTHEAST,BILLING,urgent,resolved,2023-01-12 20:00:00,2023-01-12 20:50:00,2023-01-15 14:00:00,crm
TKT0380,CUST0194,AGT013,southeast,TECHNICAL,low,resolved,2023-12-05 08:00:00,2023-12-05 08:22:00,2023-12-08 02:00:00,helpdesk
TKT0381,CUST0061,AGT016,northeast,BILLING,low,resolved,2024-08-09 14:00:00,2024-08-09 14:32:00,2024-08-12 07:00:00,helpdesk
TKT0382,CUST0156,AGT029,SOUTHWEST,SHIPPING,medium,pending,2023-02-06 17:00:00,2023-02-06 19:30:00,2023-02-06 19:00:00,helpdesk
TKT0383,CUST0170,AGT018,southeast,SHIPPING,urgent,pending,2023-12-16 11:00:00,2023-12-16 11:23:00,2023-12-17 17:00:00,helpdesk
TKT0384,CUST0175,AGT012,southeast,RETURNS,high,pending,2024-04-08 03:00:00,2024-04-08 03:34:00,2024-04-11 17:00:00,crm
TKT0385,CUST0210,AGT004,MIDWEST,SHIPPING,medium,open,2023-02-16 05:00:00,2023-02-16 07:16:00,2023-02-17 00:00:00,crm
TKT0386,CUST0056,AGT025,WEST,BILLING,low,resolved,2024-02-07 06:00:00,2024-02-07 08:07:00,2024-02-08 08:00:00,helpdesk
TKT0387,CUST0003,AGT017,northeast,BILLING,urgent,pending,2024-11-05 18:00:00,2024-11-05 20:19:00,2024-11-06 13:00:00,helpdesk
TKT0388,CUST0066,AGT004,WEST,SHIPPING,high,pending,2024-06-04 05:00:00,2024-06-04 07:38:00,2024-06-05 05:00:00,helpdesk
TKT0389,CUST0176,AGT010,WEST,TECHNICAL,medium,resolved,2024-03-04 19:00:00,2024-03-04 20:13:00,2024-03-06 08:00:00,helpdesk
TKT0390,CUST0284,AGT021,SOUTHEAST,TECHNICAL,medium,pending,2024-12-19 17:00:00,2024-12-19 18:30:00,2024-12-23 14:00:00,helpdesk
TKT0391,CUST0092,AGT017,SOUTHWEST,RETURNS,low,resolved,2024-12-04 11:00:00,2024-12-04 11:43:00,2024-12-08 07:00:00,helpdesk
TKT0392,CUST0274,AGT010,southeast,ACCOUNT,low,pending,2024-08-19 18:00:00,2024-08-19 21:00:00,2024-08-23 14:00:00,crm
TKT0393,CUST0103,AGT009,southeast,TECHNICAL,high,pending,2023-01-26 12:00:00,2023-01-26 12:47:00,2023-01-26 20:00:00,helpdesk
TKT0394,CUST0017,AGT012,southeast,ACCOUNT,low,pending,2023-05-30 01:00:00,2023-05-30 02:25:00,2023-05-31 05:00:00,crm
TKT0395,CUST0148,AGT023,northeast,BILLING,urgent,resolved,2024-10-24 17:00:00,2024-10-24 18:49:00,2024-10-26 01:00:00,helpdesk
TKT0396,CUST0129,AGT007,SOUTHWEST,ACCOUNT,medium,pending,2024-12-02 10:00:00,2024-12-02 12:31:00,,helpdesk
TKT0397,CUST0100,AGT010,WEST,TECHNICAL,low,open,2024-08-25 17:00:00,2024-08-25 19:44:00,2024-08-26 20:00:00,crm
TKT0398,CUST0285,AGT009,SOUTHEAST,TECHNICAL,high,open,2024-06-10 03:00:00,2024-06-10 04:46:00,2024-06-10 10:00:00,helpdesk
TKT0399,CUST0166,AGT020,NORTHEAST,SHIPPING,high,resolved,2024-04-22 22:00:00,2024-04-22 22:49:00,2024-04-23 05:00:00,helpdesk
TKT0400,CUST0095,AGT017,NORTHEAST,SHIPPING,medium,resolved,2023-03-16 22:00:00,2023-03-16 23:31:00,2023-03-19 19:00:00,helpdesk
TKT0401,CUST0170,AGT012,MIDWEST,TECHNICAL,urgent,pending,2023-04-05 11:00:00,2023-04-05 12:06:00,2023-04-06 16:00:00,crm
TKT0402,CUST0125,AGT002,northeast,RETURNS,urgent,open,2023-04-28 21:00:00,2023-04-28 22:38:00,2023-05-01 08:00:00,helpdesk
TKT0403,CUST0192,AGT017,southeast,SHIPPING,urgent,resolved,2023-09-20 17:00:00,2023-09-20 18:22:00,2023-09-20 22:00:00,crm
TKT0404,CUST0050,AGT006,southeast,SHIPPING,low,pending,2023-10-31 20:00:00,2023-10-31 20:59:00,2023-11-02 15:00:00,crm
TKT0405,CUST0218,AGT027,NORTHEAST,TECHNICAL,urgent,pending,2023-08-04 21:00:00,2023-08-04 23:51:00,2023-08-06 02:00:00,crm
TKT0406,CUST0020,AGT003,NORTHEAST,BILLING,medium,resolved,2024-12-03 04:00:00,2024-12-03 04:16:00,2024-12-05 16:00:00,crm
TKT0407,CUST0208,AGT014,MIDWEST,BILLING,urgent,pending,2024-08-11 07:00:00,2024-08-11 08:16:00,2024-08-13 13:00:00,crm
TKT0408,CUST0300,AGT002,northeast,BILLING,high,pending,2024-07-01 00:00:00,2024-07-01 02:54:00,2024-07-04 22:00:00,crm
TKT0409,CUST0225,AGT013,WEST,BILLING,urgent,open,2023-10-24 21:00:00,2023-10-24 22:27:00,,crm
TKT0410,CUST0074,AGT010,northeast,RETURNS,low,pending,2023-05-20 23:00:00,2023-05-21 00:50:00,2023-05-23 22:00:00,crm
TKT0411,CUST0276,AGT018,NORTHEAST,RETURNS,medium,pending,2023-05-07 01:00:00,2023-05-07 01:11:00,2023-05-10 04:00:00,helpdesk
TKT0412,CUST0095,AGT008,SOUTHWEST,RETURNS,medium,open,2023-08-05 13:00:00,2023-08-05 15:55:00,2023-08-08 08:00:00,crm
TKT0413,CUST0282,AGT003,MIDWEST,BILLING,high,open,2024-11-18 18:00:00,2024-11-18 18:23:00,2024-11-21 18:00:00,crm
TKT0414,CUST0121,AGT004,MIDWEST,SHIPPING,low,open,2024-08-17 15:00:00,2024-08-17 16:34:00,2024-08-19 14:00:00,helpdesk
TKT0415,CUST0300,AGT005,SOUTHWEST,SHIPPING,high,resolved,2024-05-12 14:00:00,2024-05-12 15:34:00,2024-05-15 22:00:00,helpdesk
TKT0416,CUST0224,AGT009,southeast,RETURNS,medium,pending,2023-06-22 00:00:00,2023-06-22 01:30:00,2023-06-23 09:00:00,helpdesk
TKT0417,CUST0250,AGT018,NORTHEAST,TECHNICAL,low,resolved,2024-05-06 14:00:00,2024-05-06 16:04:00,2024-05-08 13:00:00,crm
TKT0418,CUST0040,AGT024,NORTHEAST,BILLING,low,pending,2024-07-05 06:00:00,2024-07-05 07:17:00,2024-07-09 05:00:00,helpdesk
TKT0419,CUST0277,AGT016,northeast,TECHNICAL,high,resolved,2024-08-27 06:00:00,2024-08-27 06:19:00,2024-08-30 06:00:00,crm
TKT0420,CUST0262,AGT003,WEST,RETURNS,low,pending,2024-08-26 23:00:00,2024-08-27 00:24:00,2024-08-27 18:00:00,crm
TKT0421,CUST0082,AGT006,SOUTHWEST,SHIPPING,medium,pending,2024-09-20 21:00:00,2024-09-20 21:52:00,2024-09-23 16:00:00,helpdesk
TKT0422,CUST0136,AGT012,SOUTHEAST,BILLING,medium,pending,2024-01-03 01:00:00,2024-01-03 02:06:00,2024-01-05 17:00:00,helpdesk
TKT0423,CUST0166,AGT004,northeast,SHIPPING,high,pending,2024-02-02 15:00:00,2024-02-02 17:06:00,,helpdesk
TKT0424,CUST0194,AGT012,SOUTHWEST,BILLING,high,resolved,2024-08-15 17:00:00,2024-08-15 19:35:00,2024-08-16 17:00:00,crm
TKT0425,CUST0247,AGT029,SOUTHWEST,BILLING,medium,resolved,2024-06-12 12:00:00,2024-06-12 13:40:00,2024-06-14 10:00:00,crm
TKT0426,CUST0077,AGT006,SOUTHEAST,RETURNS,low,pending,2023-08-24 02:00:00,2023-08-24 04:21:00,2023-08-27 14:00:00,crm
TKT0427,CUST0246,AGT007,SOUTHWEST,TECHNICAL,urgent,open,2024-02-29 10:00:00,2024-02-29 10:39:00,2024-03-03 01:00:00,crm
TKT0428,CUST0263,AGT002,SOUTHWEST,TECHNICAL,low,open,2023-02-14 04:00:00,2023-02-14 06:36:00,2023-02-17 09:00:00,helpdesk
TKT0429,CUST0010,AGT029,northeast,RETURNS,low,open,2023-07-04 16:00:00,2023-07-04 17:53:00,2023-07-07 22:00:00,helpdesk
TKT0430,CUST0211,AGT020,SOUTHEAST,SHIPPING,medium,pending,2024-09-13 15:00:00,2024-09-13 17:13:00,2024-09-14 14:00:00,helpdesk
TKT0431,CUST0036,AGT008,WEST,ACCOUNT,medium,open,2023-06-21 23:00:00,2023-06-22 00:37:00,2023-06-24 11:00:00,crm
TKT0432,CUST0077,AGT020,NORTHEAST,TECHNICAL,urgent,pending,2023-07-27 16:00:00,2023-07-27 18:19:00,2023-07-31 09:00:00,crm
TKT0433,CUST0067,AGT029,SOUTHWEST,SHIPPING,low,pending,2024-06-28 16:00:00,2024-06-28 16:40:00,2024-06-29 05:00:00,helpdesk
TKT0434,CUST0220,AGT008,southeast,ACCOUNT,urgent,resolved,2024-06-18 13:00:00,2024-06-18 14:44:00,2024-06-18 20:00:00,crm
TKT0435,CUST0043,AGT010,SOUTHWEST,SHIPPING,urgent,resolved,2024-03-11 04:00:00,2024-03-11 05:15:00,2024-03-13 19:00:00,crm
TKT0436,CUST0267,AGT001,WEST,TECHNICAL,high,resolved,2023-01-06 22:00:00,2023-01-06 22:11:00,2023-01-10 01:00:00,helpdesk
TKT0437,CUST0134,AGT028,SOUTHWEST,ACCOUNT,high,pending,2023-04-20 04:00:00,2023-04-20 05:59:00,2023-04-23 17:00:00,helpdesk
TKT0438,CUST0286,AGT016,SOUTHEAST,RETURNS,urgent,resolved,2024-11-27 12:00:00,2024-11-27 13:02:00,2024-11-29 18:00:00,helpdesk
TKT0439,CUST0061,AGT024,SOUTHEAST,ACCOUNT,medium,open,2024-08-14 11:00:00,2024-08-14 12:51:00,2024-08-18 11:00:00,crm
TKT0440,CUST0027,AGT006,WEST,BILLING,low,open,2024-06-04 12:00:00,2024-06-04 13:36:00,2024-06-07 12:00:00,helpdesk
TKT0441,CUST0190,AGT003,SOUTHWEST,BILLING,urgent,resolved,2024-09-06 13:00:00,2024-09-06 13:32:00,2024-09-06 23:00:00,helpdesk
TKT0442,CUST0225,AGT001,SOUTHEAST,SHIPPING,high,open,2024-12-29 19:00:00,2024-12-29 19:24:00,2024-12-30 19:00:00,crm
TKT0443,CUST0087,AGT022,NORTHEAST,RETURNS,medium,pending,2024-09-05 16:00:00,2024-09-05 18:22:00,2024-09-09 11:00:00,crm
TKT0444,CUST0203,AGT013,SOUTHWEST,TECHNICAL,low,pending,2023-06-11 02:00:00,2023-06-11 03:20:00,2023-06-13 07:00:00,crm
TKT0445,CUST0299,AGT012,MIDWEST,RETURNS,medium,pending,2023-04-03 17:00:00,2023-04-03 18:22:00,2023-04-07 15:00:00,crm
TKT0446,CUST0209,AGT017,NORTHEAST,SHIPPING,low,pending,2024-04-10 12:00:00,2024-04-10 14:37:00,2024-04-10 14:00:00,helpdesk
TKT0447,CUST0295,AGT009,northeast,ACCOUNT,urgent,pending,2023-12-15 03:00:00,2023-12-15 05:21:00,2023-12-16 13:00:00,helpdesk
TKT0448,CUST0015,AGT016,NORTHEAST,RETURNS,low,resolved,2023-09-07 10:00:00,2023-09-07 12:07:00,2023-09-11 03:00:00,crm
TKT0449,CUST0181,AGT017,SOUTHWEST,BILLING,high,open,2024-11-24 22:00:00,2024-11-24 23:08:00,2024-11-26 16:00:00,helpdesk
TKT0450,CUST0092,AGT016,MIDWEST,RETURNS,medium,pending,2023-04-06 12:00:00,2023-04-06 13:37:00,2023-04-06 23:00:00,helpdesk
TKT0451,CUST0121,AGT024,SOUTHEAST,RETURNS,medium,open,2023-07-07 23:00:00,2023-07-07 23:58:00,2023-07-10 16:00:00,crm
TKT0452,CUST0062,AGT030,NORTHEAST,ACCOUNT,low,pending,2023-09-13 19:00:00,2023-09-13 20:41:00,2023-09-14 16:00:00,crm
TKT0453,CUST0295,AGT028,MIDWEST,ACCOUNT,medium,pending,2024-05-08 11:00:00,2024-05-08 13:48:00,2024-05-10 05:00:00,helpdesk
TKT0454,CUST0217,AGT016,SOUTHWEST,BILLING,high,resolved,2024-02-12 07:00:00,2024-02-12 09:37:00,,crm
TKT0455,CUST0005,AGT001,northeast,TECHNICAL,urgent,pending,2024-04-13 03:00:00,2024-04-13 05:22:00,2024-04-15 15:00:00,crm
TKT0456,CUST0135,AGT008,MIDWEST,ACCOUNT,high,resolved,2023-11-30 11:00:00,2023-11-30 13:46:00,2023-12-01 22:00:00,crm
TKT0457,CUST0191,AGT012,southeast,ACCOUNT,high,resolved,2024-05-25 13:00:00,2024-05-25 14:03:00,2024-05-27 20:00:00,crm
TKT0458,CUST0052,AGT024,MIDWEST,TECHNICAL,urgent,resolved,2024-08-08 04:00:00,2024-08-08 06:37:00,2024-08-11 21:00:00,crm
TKT0459,CUST0091,AGT014,WEST,TECHNICAL,high,resolved,2023-05-30 23:00:00,2023-05-30 23:48:00,2023-06-02 13:00:00,helpdesk
TKT0460,CUST0084,AGT002,SOUTHEAST,RETURNS,urgent,pending,2023-09-14 17:00:00,2023-09-14 19:35:00,2023-09-15 01:00:00,crm
TKT0461,CUST0287,AGT018,southeast,RETURNS,high,open,2024-04-05 23:00:00,2024-04-06 00:35:00,2024-04-07 10:00:00,helpdesk
TKT0462,CUST0276,AGT006,southeast,RETURNS,high,resolved,2023-05-05 11:00:00,2023-05-05 13:45:00,2023-05-06 14:00:00,helpdesk
TKT0463,CUST0075,AGT028,SOUTHEAST,RETURNS,urgent,pending,2024-04-02 02:00:00,2024-04-02 03:47:00,2024-04-05 10:00:00,helpdesk
TKT0464,CUST0163,AGT021,MIDWEST,RETURNS,urgent,resolved,2023-03-15 02:00:00,2023-03-15 02:51:00,2023-03-16 23:00:00,helpdesk
TKT0465,CUST0212,AGT006,SOUTHEAST,BILLING,medium,pending,2024-01-07 23:00:00,2024-01-08 01:40:00,2024-01-10 19:00:00,crm
TKT0466,CUST0053,AGT004,NORTHEAST,ACCOUNT,low,open,2024-11-08 08:00:00,2024-11-08 08:30:00,2024-11-09 12:00:00,helpdesk
TKT0467,CUST0044,AGT021,WEST,RETURNS,medium,open,2024-06-20 02:00:00,2024-06-20 02:36:00,2024-06-21 13:00:00,helpdesk
TKT0468,CUST0088,AGT001,NORTHEAST,RETURNS,high,resolved,2024-03-29 20:00:00,2024-03-29 20:42:00,2024-03-30 14:00:00,helpdesk
TKT0469,CUST0277,AGT006,SOUTHWEST,SHIPPING,urgent,pending,2024-07-07 08:00:00,2024-07-07 10:30:00,2024-07-09 18:00:00,helpdesk
TKT0470,CUST0178,AGT016,SOUTHWEST,TECHNICAL,low,resolved,2024-06-20 20:00:00,2024-06-20 22:53:00,2024-06-23 18:00:00,helpdesk
TKT0471,CUST0001,AGT017,southeast,TECHNICAL,high,resolved,2024-01-10 13:00:00,2024-01-10 14:16:00,2024-01-11 10:00:00,helpdesk
TKT0472,CUST0221,AGT026,MIDWEST,SHIPPING,medium,open,2024-07-01 00:00:00,2024-07-01 02:15:00,2024-07-03 15:00:00,helpdesk
TKT0473,CUST0084,AGT023,northeast,ACCOUNT,urgent,open,2023-07-13 13:00:00,2023-07-13 15:33:00,2023-07-15 22:00:00,helpdesk
TKT0474,CUST0140,AGT010,northeast,SHIPPING,high,resolved,2023-03-23 13:00:00,2023-03-23 15:50:00,2023-03-24 21:00:00,crm
TKT0475,CUST0234,AGT020,WEST,RETURNS,urgent,open,2023-03-12 05:00:00,2023-03-12 05:44:00,2023-03-13 20:00:00,helpdesk
TKT0476,CUST0053,AGT010,MIDWEST,TECHNICAL,urgent,pending,2023-01-20 04:00:00,2023-01-20 04:22:00,,crm
TKT0477,CUST0176,AGT014,MIDWEST,ACCOUNT,high,resolved,2023-08-27 02:00:00,2023-08-27 02:48:00,2023-08-27 05:00:00,crm
TKT0478,CUST0201,AGT003,SOUTHWEST,ACCOUNT,medium,open,2023-12-05 02:00:00,2023-12-05 02:47:00,2023-12-05 11:00:00,helpdesk
TKT0479,CUST0227,AGT008,northeast,BILLING,medium,resolved,2024-01-26 00:00:00,2024-01-26 00:41:00,2024-01-29 21:00:00,crm
TKT0480,CUST0160,AGT030,MIDWEST,TECHNICAL,low,pending,2024-06-17 21:00:00,2024-06-17 22:03:00,2024-06-20 11:00:00,crm
TKT0481,CUST0027,AGT028,northeast,TECHNICAL,low,open,2023-09-17 15:00:00,2023-09-17 17:53:00,2023-09-19 07:00:00,helpdesk
TKT0482,CUST0203,AGT026,SOUTHEAST,BILLING,low,pending,2023-11-29 00:00:00,2023-11-29 00:52:00,2023-11-30 13:00:00,helpdesk
TKT0483,CUST0128,AGT006,WEST,BILLING,high,pending,2024-12-05 19:00:00,2024-12-05 19:49:00,2024-12-07 20:00:00,crm
TKT0484,CUST0055,AGT005,WEST,TECHNICAL,high,pending,2023-03-03 11:00:00,2023-03-03 13:55:00,2023-03-04 08:00:00,helpdesk
TKT0485,CUST0184,AGT024,SOUTHEAST,RETURNS,low,resolved,2024-03-25 23:00:00,2024-03-25 23:59:00,2024-03-26 03:00:00,helpdesk
TKT0486,CUST0291,AGT006,SOUTHWEST,RETURNS,high,pending,2024-07-26 09:00:00,2024-07-26 11:28:00,2024-07-30 04:00:00,helpdesk
TKT0487,CUST0080,AGT015,MIDWEST,RETURNS,high,resolved,2023-10-09 19:00:00,2023-10-09 21:31:00,,crm
TKT0488,CUST0010,AGT020,southeast,RETURNS,medium,resolved,2024-10-15 16:00:00,2024-10-15 17:47:00,2024-10-19 15:00:00,crm
TKT0489,CUST0255,AGT025,SOUTHWEST,TECHNICAL,high,resolved,2024-11-05 17:00:00,2024-11-05 18:49:00,2024-11-06 19:00:00,helpdesk
TKT0490,CUST0035,AGT002,southeast,TECHNICAL,medium,open,2024-10-18 10:00:00,2024-10-18 10:38:00,2024-10-19 00:00:00,crm
TKT0491,CUST0199,AGT022,WEST,SHIPPING,high,open,2023-04-20 15:00:00,2023-04-20 15:59:00,,helpdesk
TKT0492,CUST0107,AGT021,WEST,BILLING,urgent,pending,2023-08-15 19:00:00,2023-08-15 19:28:00,2023-08-15 22:00:00,crm
TKT0493,CUST0030,AGT027,SOUTHWEST,RETURNS,low,pending,2024-01-05 17:00:00,2024-01-05 18:56:00,2024-01-07 18:00:00,crm
TKT0494,CUST0119,AGT018,WEST,TECHNICAL,medium,pending,2023-11-08 02:00:00,2023-11-08 03:05:00,,crm
TKT0495,CUST0213,AGT024,NORTHEAST,SHIPPING,high,pending,2024-08-06 20:00:00,2024-08-06 20:55:00,2024-08-09 21:00:00,helpdesk
TKT0496,CUST0093,AGT018,WEST,SHIPPING,high,pending,2024-12-20 21:00:00,2024-12-20 22:59:00,2024-12-21 12:00:00,crm
TKT0497,CUST0282,AGT011,southeast,RETURNS,urgent,pending,2024-06-30 19:00:00,2024-06-30 21:03:00,2024-07-02 18:00:00,helpdesk
TKT0498,CUST0193,AGT025,SOUTHWEST,RETURNS,high,resolved,2023-11-28 19:00:00,2023-11-28 20:11:00,2023-12-01 21:00:00,helpdesk
TKT0499,CUST0266,AGT005,MIDWEST,BILLING,high,open,2024-02-11 00:00:00,2024-02-11 00:18:00,2024-02-12 14:00:00,crm
TKT0500,CUST0293,AGT030,SOUTHWEST,TECHNICAL,low,open,2023-11-19 00:00:00,2023-11-19 01:20:00,2023-11-22 00:00:00,helpdesk
TKT0501,CUST0299,AGT008,SOUTHEAST,RETURNS,high,open,2023-12-31 04:00:00,2023-12-31 04:45:00,2024-01-01 15:00:00,helpdesk
TKT0502,CUST0248,AGT006,WEST,SHIPPING,low,pending,2024-08-05 06:00:00,2024-08-05 06:29:00,2024-08-09 04:00:00,helpdesk
TKT0503,CUST0029,AGT030,southeast,RETURNS,high,resolved,2023-02-08 23:00:00,2023-02-09 01:37:00,,helpdesk
TKT0504,CUST0196,AGT002,MIDWEST,SHIPPING,low,resolved,2023-05-04 07:00:00,2023-05-04 09:57:00,2023-05-07 14:00:00,crm
TKT0505,CUST0202,AGT015,southeast,SHIPPING,low,open,2023-12-01 16:00:00,2023-12-01 17:06:00,,helpdesk
TKT0506,CUST0244,AGT019,northeast,BILLING,urgent,resolved,2023-10-24 12:00:00,2023-10-24 12:47:00,2023-10-25 06:00:00,crm
TKT0507,CUST0070,AGT016,SOUTHWEST,TECHNICAL,urgent,resolved,2024-02-13 16:00:00,2024-02-13 18:01:00,2024-02-17 11:00:00,crm
TKT0508,CUST0137,AGT025,WEST,RETURNS,low,open,2024-07-28 19:00:00,2024-07-28 21:24:00,2024-07-30 04:00:00,helpdesk
TKT0509,CUST0013,AGT025,MIDWEST,TECHNICAL,high,pending,2024-03-09 11:00:00,2024-03-09 12:39:00,2024-03-10 13:00:00,helpdesk
TKT0510,CUST0120,AGT007,northeast,RETURNS,medium,pending,2024-09-30 04:00:00,2024-09-30 06:02:00,2024-09-30 11:00:00,crm
TKT0511,CUST0076,AGT028,southeast,RETURNS,low,resolved,2023-04-26 23:00:00,2023-04-26 23:23:00,2023-04-28 08:00:00,crm
TKT0512,CUST0276,AGT007,SOUTHEAST,SHIPPING,high,pending,2023-11-09 14:00:00,2023-11-09 16:10:00,2023-11-09 18:00:00,helpdesk
TKT0513,CUST0010,AGT013,SOUTHWEST,SHIPPING,low,resolved,2024-09-29 23:00:00,2024-09-29 23:46:00,2024-10-03 17:00:00,crm
TKT0514,CUST0028,AGT015,northeast,BILLING,low,resolved,2023-03-03 09:00:00,2023-03-03 10:01:00,2023-03-07 04:00:00,helpdesk
TKT0515,CUST0198,AGT008,WEST,SHIPPING,low,resolved,2024-11-09 21:00:00,2024-11-09 22:42:00,,helpdesk
TKT0516,CUST0235,AGT018,northeast,BILLING,low,open,2024-09-03 17:00:00,2024-09-03 17:32:00,2024-09-04 18:00:00,helpdesk
TKT0517,CUST0181,AGT012,northeast,RETURNS,medium,pending,2023-12-08 15:00:00,2023-12-08 16:50:00,,helpdesk
TKT0518,CUST0016,AGT018,MIDWEST,TECHNICAL,medium,resolved,2023-03-05 20:00:00,2023-03-05 21:15:00,2023-03-07 23:00:00,helpdesk
TKT0519,CUST0117,AGT014,SOUTHEAST,SHIPPING,medium,resolved,2024-11-03 04:00:00,2024-11-03 04:32:00,2024-11-07 03:00:00,helpdesk
TKT0520,CUST0071,AGT019,SOUTHWEST,TECHNICAL,medium,resolved,2024-09-11 10:00:00,2024-09-11 12:04:00,2024-09-14 09:00:00,crm
TKT0521,CUST0163,AGT003,SOUTHWEST,SHIPPING,low,open,2024-03-16 04:00:00,2024-03-16 06:57:00,2024-03-19 06:00:00,helpdesk
TKT0522,CUST0212,AGT014,MIDWEST,ACCOUNT,high,open,2023-05-30 23:00:00,2023-05-30 23:17:00,2023-06-01 17:00:00,crm
TKT0523,CUST0137,AGT020,SOUTHWEST,SHIPPING,medium,pending,2023-04-20 04:00:00,2023-04-20 04:57:00,2023-04-20 09:00:00,crm
TKT0524,CUST0245,AGT005,SOUTHWEST,SHIPPING,urgent,pending,2023-08-25 21:00:00,2023-08-25 21:16:00,,helpdesk
TKT0525,CUST0099,AGT008,NORTHEAST,ACCOUNT,low,resolved,2023-07-08 12:00:00,2023-07-08 14:15:00,2023-07-11 02:00:00,helpdesk
TKT0526,CUST0225,AGT028,SOUTHWEST,ACCOUNT,high,resolved,2023-08-16 23:00:00,2023-08-17 00:01:00,,crm
TKT0527,CUST0195,AGT024,MIDWEST,ACCOUNT,low,pending,2024-03-13 12:00:00,2024-03-13 12:20:00,2024-03-16 19:00:00,crm
TKT0528,CUST0203,AGT024,NORTHEAST,SHIPPING,urgent,pending,2024-04-07 14:00:00,2024-04-07 14:20:00,2024-04-08 23:00:00,crm
TKT0529,CUST0147,AGT015,SOUTHEAST,ACCOUNT,high,pending,2023-07-14 09:00:00,2023-07-14 11:02:00,2023-07-16 13:00:00,crm
TKT0530,CUST0232,AGT003,northeast,SHIPPING,low,open,2024-12-07 16:00:00,2024-12-07 16:46:00,2024-12-10 05:00:00,crm
TKT0531,CUST0233,AGT019,northeast,TECHNICAL,urgent,open,2024-02-07 13:00:00,2024-02-07 14:32:00,,helpdesk
TKT0532,CUST0064,AGT003,NORTHEAST,ACCOUNT,high,open,2023-11-28 22:00:00,2023-11-29 00:56:00,2023-12-02 19:00:00,helpdesk
TKT0533,CUST0023,AGT025,SOUTHEAST,RETURNS,medium,open,2024-06-07 19:00:00,2024-06-07 19:50:00,2024-06-09 21:00:00,crm
TKT0534,CUST0229,AGT010,northeast,TECHNICAL,low,open,2023-07-03 22:00:00,2023-07-03 22:23:00,2023-07-06 05:00:00,crm
TKT0535,CUST0256,AGT018,southeast,BILLING,urgent,open,2023-01-04 19:00:00,2023-01-04 20:14:00,2023-01-04 22:00:00,crm
TKT0536,CUST0041,AGT020,SOUTHWEST,BILLING,medium,pending,2024-08-25 21:00:00,2024-08-25 23:11:00,2024-08-28 09:00:00,helpdesk
TKT0537,CUST0076,AGT002,northeast,RETURNS,low,open,2024-09-26 20:00:00,2024-09-26 22:32:00,,crm
TKT0538,CUST0045,AGT002,NORTHEAST,ACCOUNT,medium,open,2024-11-14 18:00:00,2024-11-14 20:44:00,2024-11-16 10:00:00,helpdesk
TKT0539,CUST0091,AGT015,northeast,SHIPPING,high,open,2024-09-17 21:00:00,2024-09-17 23:42:00,2024-09-21 00:00:00,crm
TKT0540,CUST0219,AGT027,SOUTHWEST,BILLING,high,resolved,2023-11-03 10:00:00,2023-11-03 11:44:00,2023-11-05 12:00:00,crm
TKT0541,CUST0269,AGT007,northeast,TECHNICAL,low,open,2023-05-05 22:00:00,2023-05-05 23:20:00,2023-05-07 18:00:00,crm
TKT0542,CUST0163,AGT009,SOUTHWEST,SHIPPING,high,open,2024-05-10 23:00:00,2024-05-11 01:44:00,2024-05-14 19:00:00,helpdesk
TKT0543,CUST0093,AGT029,SOUTHWEST,TECHNICAL,high,open,2024-06-16 23:00:00,2024-06-17 01:51:00,2024-06-19 16:00:00,crm
TKT0544,CUST0107,AGT026,SOUTHWEST,ACCOUNT,urgent,open,2023-05-02 00:00:00,2023-05-02 02:09:00,2023-05-05 10:00:00,helpdesk
TKT0545,CUST0104,AGT023,MIDWEST,RETURNS,low,resolved,2023-12-25 17:00:00,2023-12-25 19:53:00,,helpdesk
TKT0546,CUST0171,AGT011,WEST,SHIPPING,low,open,2024-06-02 17:00:00,2024-06-02 18:32:00,2024-06-02 19:00:00,crm
TKT0547,CUST0070,AGT016,SOUTHEAST,ACCOUNT,high,resolved,2023-12-05 10:00:00,2023-12-05 12:12:00,2023-12-08 00:00:00,helpdesk
TKT0548,CUST0162,AGT018,SOUTHWEST,BILLING,medium,pending,2023-02-27 16:00:00,2023-02-27 17:26:00,2023-03-02 18:00:00,helpdesk
TKT0549,CUST0174,AGT013,northeast,SHIPPING,medium,pending,2023-12-29 02:00:00,2023-12-29 02:48:00,2023-12-30 15:00:00,helpdesk
TKT0550,CUST0162,AGT023,NORTHEAST,RETURNS,urgent,open,2023-07-11 19:00:00,2023-07-11 19:39:00,2023-07-13 12:00:00,helpdesk
TKT0551,CUST0155,AGT006,NORTHEAST,RETURNS,low,open,2023-09-01 11:00:00,2023-09-01 13:05:00,2023-09-03 03:00:00,crm
TKT0552,CUST0079,AGT007,MIDWEST,ACCOUNT,high,resolved,2024-03-30 16:00:00,2024-03-30 16:16:00,2024-04-02 07:00:00,crm
TKT0553,CUST0236,AGT013,northeast,SHIPPING,low,open,2023-04-11 16:00:00,2023-04-11 16:43:00,2023-04-12 20:00:00,helpdesk
TKT0554,CUST0024,AGT004,SOUTHWEST,RETURNS,low,pending,2023-02-15 21:00:00,2023-02-15 23:42:00,2023-02-16 10:00:00,helpdesk
TKT0555,CUST0142,AGT018,MIDWEST,ACCOUNT,low,resolved,2024-10-16 06:00:00,2024-10-16 07:32:00,2024-10-17 09:00:00,crm
TKT0556,CUST0287,AGT017,NORTHEAST,TECHNICAL,high,pending,2023-06-11 08:00:00,2023-06-11 08:39:00,2023-06-11 11:00:00,helpdesk
TKT0557,CUST0037,AGT010,SOUTHWEST,RETURNS,urgent,open,2023-10-05 04:00:00,2023-10-05 05:22:00,2023-10-08 07:00:00,crm
TKT0558,CUST0045,AGT014,WEST,TECHNICAL,urgent,pending,2023-01-30 15:00:00,2023-01-30 15:22:00,2023-01-31 06:00:00,helpdesk
TKT0559,CUST0274,AGT003,southeast,ACCOUNT,medium,open,2023-11-16 10:00:00,2023-11-16 11:00:00,2023-11-20 07:00:00,helpdesk
TKT0560,CUST0239,AGT016,SOUTHEAST,TECHNICAL,medium,pending,2023-04-10 14:00:00,2023-04-10 15:29:00,2023-04-14 07:00:00,helpdesk
TKT0561,CUST0170,AGT026,southeast,RETURNS,urgent,resolved,2024-01-08 12:00:00,2024-01-08 12:56:00,2024-01-12 07:00:00,crm
TKT0562,CUST0088,AGT010,southeast,RETURNS,medium,pending,2023-03-08 15:00:00,2023-03-08 15:38:00,2023-03-10 13:00:00,crm
TKT0563,CUST0037,AGT026,MIDWEST,SHIPPING,urgent,resolved,2024-02-20 22:00:00,2024-02-20 22:37:00,2024-02-22 17:00:00,helpdesk
TKT0564,CUST0247,AGT013,NORTHEAST,RETURNS,medium,pending,2023-09-02 19:00:00,2023-09-02 20:12:00,2023-09-05 19:00:00,helpdesk
TKT0565,CUST0089,AGT022,northeast,BILLING,urgent,open,2024-03-21 18:00:00,2024-03-21 19:37:00,2024-03-24 17:00:00,helpdesk
TKT0566,CUST0208,AGT003,SOUTHWEST,BILLING,urgent,resolved,2023-11-30 17:00:00,2023-11-30 17:34:00,2023-12-03 03:00:00,helpdesk
TKT0567,CUST0072,AGT029,SOUTHWEST,BILLING,medium,pending,2024-10-22 21:00:00,2024-10-22 21:25:00,2024-10-23 10:00:00,crm
TKT0568,CUST0229,AGT007,SOUTHEAST,RETURNS,high,pending,2024-04-08 17:00:00,2024-04-08 18:24:00,2024-04-10 20:00:00,helpdesk
TKT0569,CUST0262,AGT013,southeast,TECHNICAL,high,open,2024-03-21 22:00:00,2024-03-21 23:38:00,2024-03-22 11:00:00,helpdesk
TKT0570,CUST0184,AGT004,southeast,RETURNS,low,open,2024-07-16 01:00:00,2024-07-16 01:10:00,2024-07-19 21:00:00,helpdesk
TKT0571,CUST0196,AGT013,WEST,ACCOUNT,medium,pending,2024-12-20 18:00:00,2024-12-20 19:50:00,2024-12-24 04:00:00,crm
TKT0572,CUST0185,AGT027,WEST,TECHNICAL,high,pending,2024-05-01 04:00:00,2024-05-01 04:58:00,2024-05-04 05:00:00,crm
TKT0573,CUST0250,AGT022,WEST,TECHNICAL,low,open,2023-05-18 00:00:00,2023-05-18 00:28:00,,helpdesk
TKT0574,CUST0233,AGT017,WEST,SHIPPING,urgent,resolved,2024-04-11 22:00:00,2024-04-12 00:44:00,2024-04-14 06:00:00,helpdesk
TKT0575,CUST0256,AGT028,northeast,TECHNICAL,high,resolved,2023-08-20 05:00:00,2023-08-20 06:58:00,,helpdesk
TKT0576,CUST0058,AGT019,WEST,BILLING,medium,pending,2023-02-04 01:00:00,2023-02-04 03:35:00,2023-02-06 16:00:00,helpdesk
TKT0577,CUST0046,AGT008,WEST,BILLING,high,pending,2024-04-21 16:00:00,2024-04-21 16:30:00,2024-04-24 12:00:00,crm
TKT0578,CUST0241,AGT019,northeast,RETURNS,urgent,resolved,2023-12-18 17:00:00,2023-12-18 17:12:00,2023-12-21 07:00:00,helpdesk
TKT0579,CUST0156,AGT024,southeast,SHIPPING,high,open,2023-10-24 05:00:00,2023-10-24 05:19:00,2023-10-27 23:00:00,helpdesk
TKT0580,CUST0150,AGT026,northeast,SHIPPING,low,resolved,2024-08-15 05:00:00,2024-08-15 07:36:00,2024-08-15 13:00:00,helpdesk
TKT0581,CUST0143,AGT009,SOUTHEAST,SHIPPING,high,resolved,2023-03-26 04:00:00,2023-03-26 06:19:00,2023-03-26 15:00:00,helpdesk
TKT0582,CUST0078,AGT022,WEST,RETURNS,medium,resolved,2023-01-15 23:00:00,2023-01-15 23:38:00,2023-01-19 06:00:00,crm
TKT0583,CUST0044,AGT005,SOUTHWEST,TECHNICAL,urgent,resolved,2024-05-11 05:00:00,2024-05-11 07:25:00,2024-05-11 11:00:00,helpdesk
TKT0584,CUST0108,AGT019,northeast,RETURNS,low,pending,2023-09-01 21:00:00,2023-09-01 23:02:00,2023-09-05 19:00:00,helpdesk
TKT0585,CUST0155,AGT016,northeast,SHIPPING,medium,resolved,2023-04-29 01:00:00,2023-04-29 01:52:00,2023-05-01 14:00:00,helpdesk
TKT0586,CUST0007,AGT010,southeast,ACCOUNT,urgent,pending,2024-04-30 08:00:00,2024-04-30 08:47:00,2024-05-03 05:00:00,helpdesk
TKT0587,CUST0182,AGT028,WEST,SHIPPING,high,resolved,2024-06-26 21:00:00,2024-06-26 21:20:00,2024-06-27 11:00:00,helpdesk
TKT0588,CUST0237,AGT025,northeast,TECHNICAL,medium,pending,2023-10-01 03:00:00,2023-10-01 04:15:00,2023-10-04 16:00:00,helpdesk
TKT0589,CUST0005,AGT027,NORTHEAST,BILLING,urgent,open,2024-11-24 22:00:00,2024-11-24 22:56:00,2024-11-26 16:00:00,crm
TKT0590,CUST0129,AGT007,NORTHEAST,BILLING,low,open,2024-12-02 14:00:00,2024-12-02 15:39:00,2024-12-03 20:00:00,crm
TKT0591,CUST0045,AGT028,SOUTHWEST,TECHNICAL,urgent,pending,2024-09-05 20:00:00,2024-09-05 20:41:00,2024-09-09 16:00:00,crm
TKT0592,CUST0039,AGT021,WEST,RETURNS,urgent,pending,2023-04-24 22:00:00,2023-04-24 22:57:00,2023-04-26 08:00:00,helpdesk
TKT0593,CUST0196,AGT013,MIDWEST,BILLING,high,resolved,2023-09-21 05:00:00,2023-09-21 05:28:00,2023-09-22 18:00:00,crm
TKT0594,CUST0092,AGT021,WEST,BILLING,medium,pending,2024-03-27 02:00:00,2024-03-27 04:15:00,2024-03-28 05:00:00,helpdesk
TKT0595,CUST0133,AGT004,NORTHEAST,BILLING,low,pending,2023-08-12 19:00:00,2023-08-12 21:54:00,2023-08-13 10:00:00,helpdesk
TKT0596,CUST0001,AGT030,NORTHEAST,ACCOUNT,high,open,2024-04-01 00:00:00,2024-04-01 02:17:00,2024-04-01 21:00:00,helpdesk
TKT0597,CUST0252,AGT016,WEST,ACCOUNT,low,pending,2024-02-05 18:00:00,2024-02-05 18:10:00,2024-02-08 13:00:00,crm
TKT0598,CUST0184,AGT011,northeast,RETURNS,urgent,open,2023-01-04 12:00:00,2023-01-04 14:13:00,2023-01-05 05:00:00,crm
TKT0599,CUST0149,AGT021,SOUTHEAST,TECHNICAL,low,resolved,2024-01-10 17:00:00,2024-01-10 18:37:00,2024-01-11 05:00:00,crm
TKT0600,CUST0184,AGT016,NORTHEAST,ACCOUNT,medium,open,2023-11-03 22:00:00,2023-11-03 23:49:00,2023-11-04 13:00:00,crm
TKT0601,CUST0033,AGT026,SOUTHWEST,RETURNS,urgent,pending,2023-07-17 00:00:00,2023-07-17 02:41:00,2023-07-18 08:00:00,helpdesk
TKT0602,CUST0022,AGT013,NORTHEAST,TECHNICAL,urgent,pending,2023-01-17 01:00:00,2023-01-17 02:36:00,2023-01-17 10:00:00,crm
TKT0603,CUST0251,AGT021,NORTHEAST,ACCOUNT,low,open,2024-08-16 07:00:00,2024-08-16 07:28:00,2024-08-16 13:00:00,crm
TKT0604,CUST0050,AGT015,SOUTHWEST,TECHNICAL,low,open,2023-01-15 05:00:00,2023-01-15 07:51:00,2023-01-15 13:00:00,crm
TKT0605,CUST0104,AGT014,MIDWEST,ACCOUNT,high,open,2024-05-24 19:00:00,2024-05-24 21:47:00,,crm
TKT0606,CUST0033,AGT004,MIDWEST,TECHNICAL,urgent,open,2023-11-26 06:00:00,2023-11-26 06:21:00,2023-11-29 11:00:00,helpdesk
TKT0607,CUST0021,AGT005,NORTHEAST,SHIPPING,urgent,open,2024-07-20 05:00:00,2024-07-20 07:02:00,2024-07-21 14:00:00,crm
TKT0608,CUST0046,AGT023,northeast,SHIPPING,high,resolved,2024-05-13 02:00:00,2024-05-13 02:11:00,2024-05-13 04:00:00,helpdesk
TKT0609,CUST0268,AGT015,WEST,TECHNICAL,medium,pending,2024-12-09 04:00:00,2024-12-09 05:02:00,2024-12-10 00:00:00,crm
TKT0610,CUST0155,AGT012,WEST,BILLING,medium,open,2024-09-02 05:00:00,2024-09-02 07:17:00,2024-09-05 13:00:00,crm
TKT0611,CUST0277,AGT017,SOUTHEAST,ACCOUNT,medium,resolved,2024-06-26 03:00:00,2024-06-26 05:48:00,2024-06-28 03:00:00,crm
TKT0612,CUST0243,AGT016,SOUTHEAST,TECHNICAL,low,open,2023-07-18 03:00:00,2023-07-18 03:48:00,2023-07-21 20:00:00,helpdesk
TKT0613,CUST0233,AGT002,NORTHEAST,BILLING,medium,open,2023-10-19 06:00:00,2023-10-19 08:01:00,2023-10-20 16:00:00,crm
TKT0614,CUST0228,AGT019,SOUTHWEST,RETURNS,urgent,open,2024-05-11 16:00:00,2024-05-11 16:39:00,2024-05-12 03:00:00,helpdesk
TKT0615,CUST0212,AGT028,SOUTHEAST,ACCOUNT,medium,open,2023-08-24 03:00:00,2023-08-24 04:33:00,,helpdesk
TKT0616,CUST0233,AGT006,WEST,RETURNS,medium,resolved,2024-08-22 15:00:00,2024-08-22 15:23:00,2024-08-25 00:00:00,crm
TKT0617,CUST0017,AGT023,SOUTHWEST,BILLING,high,open,2024-10-09 11:00:00,2024-10-09 12:19:00,2024-10-10 14:00:00,crm
TKT0618,CUST0113,AGT029,MIDWEST,SHIPPING,medium,pending,2024-04-21 14:00:00,2024-04-21 15:57:00,2024-04-22 13:00:00,crm
TKT0619,CUST0268,AGT016,southeast,TECHNICAL,urgent,resolved,2024-08-14 17:00:00,2024-08-14 18:08:00,2024-08-15 06:00:00,helpdesk
TKT0620,CUST0127,AGT011,WEST,SHIPPING,medium,pending,2023-01-15 23:00:00,2023-01-16 00:59:00,2023-01-19 23:00:00,crm
TKT0621,CUST0241,AGT024,southeast,SHIPPING,low,resolved,2024-08-10 00:00:00,2024-08-10 01:56:00,,helpdesk
TKT0622,CUST0043,AGT018,southeast,BILLING,urgent,open,2024-05-05 22:00:00,2024-05-05 22:35:00,2024-05-08 09:00:00,crm
TKT0623,CUST0009,AGT016,northeast,RETURNS,medium,pending,2024-01-03 09:00:00,2024-01-03 10:11:00,2024-01-06 21:00:00,helpdesk
TKT0624,CUST0238,AGT025,SOUTHEAST,ACCOUNT,medium,resolved,2024-08-07 23:00:00,2024-08-08 01:39:00,2024-08-08 04:00:00,helpdesk
TKT0625,CUST0171,AGT017,NORTHEAST,RETURNS,urgent,resolved,2024-12-21 20:00:00,2024-12-21 20:10:00,,crm
TKT0626,CUST0029,AGT017,northeast,RETURNS,low,open,2024-12-02 02:00:00,2024-12-02 04:48:00,2024-12-03 22:00:00,helpdesk
TKT0627,CUST0090,AGT021,SOUTHWEST,BILLING,medium,open,2024-01-10 14:00:00,2024-01-10 16:48:00,2024-01-10 21:00:00,helpdesk
TKT0628,CUST0298,AGT028,northeast,TECHNICAL,medium,resolved,2023-09-02 17:00:00,2023-09-02 17:39:00,2023-09-06 06:00:00,helpdesk
TKT0629,CUST0191,AGT012,WEST,ACCOUNT,low,resolved,2023-10-01 16:00:00,2023-10-01 17:58:00,,helpdesk
TKT0630,CUST0034,AGT007,WEST,BILLING,low,resolved,2024-04-07 19:00:00,2024-04-07 20:44:00,2024-04-11 11:00:00,crm
TKT0631,CUST0076,AGT016,SOUTHEAST,TECHNICAL,low,resolved,2023-10-23 02:00:00,2023-10-23 02:37:00,2023-10-24 01:00:00,helpdesk
TKT0632,CUST0228,AGT024,northeast,BILLING,high,open,2024-11-29 17:00:00,2024-11-29 17:43:00,2024-12-02 07:00:00,crm
TKT0633,CUST0297,AGT011,northeast,RETURNS,urgent,pending,2023-01-23 07:00:00,2023-01-23 09:23:00,2023-01-26 19:00:00,helpdesk
TKT0634,CUST0157,AGT006,southeast,RETURNS,medium,resolved,2024-04-13 09:00:00,2024-04-13 11:35:00,2024-04-14 03:00:00,helpdesk
TKT0635,CUST0086,AGT020,SOUTHEAST,SHIPPING,high,open,2023-10-23 01:00:00,2023-10-23 01:47:00,2023-10-25 00:00:00,crm
TKT0636,CUST0060,AGT002,MIDWEST,SHIPPING,medium,resolved,2024-12-26 22:00:00,2024-12-27 01:00:00,2024-12-27 19:00:00,helpdesk
TKT0637,CUST0163,AGT012,SOUTHEAST,RETURNS,urgent,pending,2024-01-14 05:00:00,2024-01-14 06:02:00,2024-01-17 06:00:00,crm
TKT0638,CUST0256,AGT025,SOUTHEAST,ACCOUNT,high,open,2024-06-30 09:00:00,2024-06-30 09:41:00,2024-06-30 14:00:00,crm
TKT0639,CUST0243,AGT029,MIDWEST,SHIPPING,medium,pending,2024-07-13 16:00:00,2024-07-13 17:34:00,2024-07-17 04:00:00,helpdesk
TKT0640,CUST0021,AGT005,northeast,SHIPPING,low,resolved,2023-12-13 22:00:00,2023-12-13 22:38:00,2023-12-17 21:00:00,crm
TKT0641,CUST0168,AGT002,SOUTHWEST,TECHNICAL,medium,resolved,2024-02-16 19:00:00,2024-02-16 20:06:00,2024-02-19 06:00:00,crm
TKT0642,CUST0045,AGT017,WEST,TECHNICAL,urgent,resolved,2023-01-24 02:00:00,2023-01-24 04:27:00,2023-01-26 13:00:00,crm
TKT0643,CUST0219,AGT012,WEST,RETURNS,low,resolved,2024-11-13 11:00:00,2024-11-13 12:51:00,2024-11-14 07:00:00,helpdesk
TKT0644,CUST0228,AGT024,WEST,ACCOUNT,high,open,2023-12-26 09:00:00,2023-12-26 11:04:00,,helpdesk
TKT0645,CUST0107,AGT010,WEST,SHIPPING,high,open,2024-02-29 04:00:00,2024-02-29 06:40:00,,helpdesk
TKT0646,CUST0213,AGT006,SOUTHWEST,ACCOUNT,medium,open,2023-04-01 00:00:00,2023-04-01 01:54:00,2023-04-04 11:00:00,crm
TKT0647,CUST0155,AGT027,SOUTHWEST,RETURNS,urgent,pending,2024-01-26 09:00:00,2024-01-26 11:31:00,,helpdesk
TKT0648,CUST0242,AGT004,northeast,RETURNS,urgent,open,2023-08-18 00:00:00,2023-08-18 00:10:00,2023-08-18 21:00:00,helpdesk
TKT0649,CUST0142,AGT016,NORTHEAST,SHIPPING,high,pending,2024-12-05 20:00:00,2024-12-05 21:12:00,2024-12-06 01:00:00,helpdesk
TKT0650,CUST0062,AGT012,SOUTHWEST,SHIPPING,low,resolved,2024-08-02 13:00:00,2024-08-02 14:16:00,2024-08-05 23:00:00,crm
TKT0651,CUST0070,AGT012,SOUTHEAST,BILLING,high,resolved,2024-08-18 01:00:00,2024-08-18 01:47:00,2024-08-19 19:00:00,helpdesk
TKT0652,CUST0040,AGT017,SOUTHEAST,TECHNICAL,low,pending,2024-10-13 11:00:00,2024-10-13 11:22:00,2024-10-15 02:00:00,crm
TKT0653,CUST0139,AGT022,northeast,RETURNS,low,pending,2024-07-10 10:00:00,2024-07-10 11:30:00,2024-07-14 03:00:00,helpdesk
TKT0654,CUST0249,AGT014,MIDWEST,TECHNICAL,low,open,2023-05-28 00:00:00,2023-05-28 00:45:00,2023-05-30 20:00:00,crm
TKT0655,CUST0270,AGT028,SOUTHWEST,SHIPPING,low,resolved,2024-05-30 07:00:00,2024-05-30 07:58:00,2024-06-02 08:00:00,helpdesk
TKT0656,CUST0160,AGT023,MIDWEST,TECHNICAL,urgent,pending,2023-03-20 03:00:00,2023-03-20 03:43:00,2023-03-20 07:00:00,helpdesk
TKT0657,CUST0061,AGT008,SOUTHEAST,TECHNICAL,medium,resolved,2023-06-26 22:00:00,2023-06-26 23:27:00,2023-06-27 03:00:00,crm
TKT0658,CUST0058,AGT003,NORTHEAST,ACCOUNT,urgent,open,2023-08-03 04:00:00,2023-08-03 04:30:00,2023-08-05 12:00:00,crm
TKT0659,CUST0241,AGT004,MIDWEST,BILLING,low,resolved,2023-04-21 01:00:00,2023-04-21 03:58:00,2023-04-23 20:00:00,crm
TKT0660,CUST0103,AGT006,northeast,RETURNS,low,open,2023-04-09 03:00:00,2023-04-09 05:44:00,2023-04-10 07:00:00,crm
TKT0661,CUST0257,AGT025,northeast,SHIPPING,medium,pending,2023-10-12 18:00:00,2023-10-12 19:39:00,2023-10-14 17:00:00,crm
TKT0662,CUST0099,AGT010,SOUTHEAST,SHIPPING,low,pending,2023-04-12 18:00:00,2023-04-12 18:13:00,2023-04-15 15:00:00,crm
TKT0663,CUST0095,AGT015,northeast,BILLING,medium,resolved,2023-08-08 16:00:00,2023-08-08 18:11:00,2023-08-10 16:00:00,helpdesk
TKT0664,CUST0161,AGT004,WEST,BILLING,medium,resolved,2024-03-10 06:00:00,2024-03-10 08:21:00,2024-03-11 13:00:00,helpdesk
TKT0665,CUST0168,AGT016,NORTHEAST,ACCOUNT,high,resolved,2024-12-22 09:00:00,2024-12-22 11:32:00,,helpdesk
TKT0666,CUST0220,AGT007,southeast,BILLING,urgent,pending,2024-12-04 14:00:00,2024-12-04 15:07:00,2024-12-07 14:00:00,helpdesk
TKT0667,CUST0225,AGT017,northeast,BILLING,low,open,2023-07-03 00:00:00,2023-07-03 02:15:00,2023-07-06 16:00:00,helpdesk
TKT0668,CUST0087,AGT003,MIDWEST,TECHNICAL,high,open,2024-02-15 22:00:00,2024-02-16 00:41:00,2024-02-16 13:00:00,helpdesk
TKT0669,CUST0298,AGT019,MIDWEST,ACCOUNT,high,resolved,2023-05-06 07:00:00,2023-05-06 08:58:00,2023-05-10 05:00:00,helpdesk
TKT0670,CUST0056,AGT004,MIDWEST,ACCOUNT,urgent,open,2024-05-11 16:00:00,2024-05-11 17:21:00,2024-05-12 12:00:00,crm
TKT0671,CUST0014,AGT006,WEST,SHIPPING,high,open,2023-01-31 03:00:00,2023-01-31 03:23:00,2023-01-31 13:00:00,helpdesk
TKT0672,CUST0267,AGT025,WEST,ACCOUNT,medium,resolved,2024-09-28 19:00:00,2024-09-28 19:34:00,2024-09-29 06:00:00,helpdesk
TKT0673,CUST0277,AGT018,NORTHEAST,BILLING,urgent,open,2024-05-17 16:00:00,2024-05-17 17:16:00,2024-05-20 15:00:00,helpdesk
TKT0674,CUST0017,AGT006,SOUTHWEST,RETURNS,medium,resolved,2024-04-05 10:00:00,2024-04-05 11:46:00,2024-04-07 20:00:00,helpdesk
TKT0675,CUST0292,AGT022,WEST,SHIPPING,urgent,resolved,2023-05-18 09:00:00,2023-05-18 10:49:00,2023-05-21 01:00:00,crm
TKT0676,CUST0194,AGT020,northeast,RETURNS,high,resolved,2024-06-02 01:00:00,2024-06-02 02:50:00,2024-06-03 12:00:00,crm
TKT0677,CUST0179,AGT026,northeast,SHIPPING,low,pending,2023-01-29 18:00:00,2023-01-29 18:21:00,2023-01-30 12:00:00,helpdesk
TKT0678,CUST0211,AGT012,NORTHEAST,TECHNICAL,medium,open,2024-01-25 03:00:00,2024-01-25 04:59:00,2024-01-27 01:00:00,helpdesk
TKT0679,CUST0087,AGT001,SOUTHWEST,RETURNS,low,resolved,2024-08-29 02:00:00,2024-08-29 02:26:00,2024-08-30 19:00:00,helpdesk
TKT0680,CUST0241,AGT019,NORTHEAST,RETURNS,urgent,pending,2024-08-04 16:00:00,2024-08-04 17:57:00,,helpdesk
TKT0681,CUST0106,AGT011,WEST,SHIPPING,high,open,2023-11-27 18:00:00,2023-11-27 18:35:00,2023-11-30 10:00:00,helpdesk
TKT0682,CUST0039,AGT027,southeast,SHIPPING,medium,resolved,2024-01-08 13:00:00,2024-01-08 14:01:00,2024-01-11 06:00:00,helpdesk
TKT0683,CUST0048,AGT023,southeast,SHIPPING,low,pending,2023-02-18 09:00:00,2023-02-18 11:36:00,2023-02-20 14:00:00,helpdesk
TKT0684,CUST0108,AGT012,southeast,BILLING,high,pending,2023-10-07 02:00:00,2023-10-07 04:35:00,2023-10-09 23:00:00,helpdesk
TKT0685,CUST0206,AGT009,SOUTHWEST,SHIPPING,urgent,pending,2024-03-19 21:00:00,2024-03-19 23:28:00,2024-03-21 15:00:00,crm
TKT0686,CUST0110,AGT022,southeast,ACCOUNT,high,pending,2023-01-20 20:00:00,2023-01-20 22:22:00,2023-01-21 21:00:00,helpdesk
TKT0687,CUST0187,AGT015,SOUTHEAST,TECHNICAL,medium,pending,2024-08-02 23:00:00,2024-08-03 01:50:00,2024-08-03 08:00:00,helpdesk
TKT0688,CUST0212,AGT009,southeast,RETURNS,medium,resolved,2024-03-21 13:00:00,2024-03-21 14:31:00,2024-03-21 23:00:00,crm
TKT0689,CUST0126,AGT026,southeast,RETURNS,urgent,resolved,2024-02-20 07:00:00,2024-02-20 07:39:00,2024-02-21 04:00:00,helpdesk
TKT0690,CUST0070,AGT001,MIDWEST,RETURNS,medium,pending,2024-03-08 20:00:00,2024-03-08 20:19:00,2024-03-09 23:00:00,crm
TKT0691,CUST0153,AGT028,NORTHEAST,ACCOUNT,high,pending,2024-05-12 00:00:00,2024-05-12 00:24:00,2024-05-12 12:00:00,crm
TKT0692,CUST0257,AGT030,NORTHEAST,SHIPPING,high,resolved,2024-02-11 23:00:00,2024-02-11 23:45:00,2024-02-13 07:00:00,crm
TKT0693,CUST0300,AGT024,WEST,TECHNICAL,urgent,open,2023-09-01 19:00:00,2023-09-01 19:41:00,2023-09-03 13:00:00,crm
TKT0694,CUST0131,AGT028,SOUTHWEST,BILLING,urgent,pending,2023-04-20 05:00:00,2023-04-20 06:04:00,2023-04-21 18:00:00,helpdesk
TKT0695,CUST0127,AGT009,southeast,TECHNICAL,high,resolved,2024-12-17 03:00:00,2024-12-17 04:31:00,2024-12-20 02:00:00,helpdesk
TKT0696,CUST0028,AGT023,southeast,TECHNICAL,high,pending,2023-11-12 00:00:00,2023-11-12 02:55:00,,helpdesk
TKT0697,CUST0122,AGT028,WEST,ACCOUNT,low,resolved,2023-11-13 20:00:00,2023-11-13 21:42:00,2023-11-17 13:00:00,helpdesk
TKT0698,CUST0083,AGT030,WEST,RETURNS,urgent,open,2023-11-05 02:00:00,2023-11-05 03:10:00,2023-11-06 18:00:00,helpdesk
TKT0699,CUST0171,AGT023,WEST,BILLING,medium,pending,2023-03-24 15:00:00,2023-03-24 17:10:00,2023-03-28 15:00:00,helpdesk
TKT0700,CUST0281,AGT024,MIDWEST,ACCOUNT,low,open,2024-06-02 02:00:00,2024-06-02 03:40:00,2024-06-04 09:00:00,crm
TKT0701,CUST0103,AGT021,MIDWEST,RETURNS,low,open,2024-10-07 14:00:00,2024-10-07 16:54:00,,crm
TKT0702,CUST0211,AGT026,MIDWEST,ACCOUNT,urgent,pending,2023-09-13 16:00:00,2023-09-13 18:56:00,2023-09-14 10:00:00,crm
TKT0703,CUST0102,AGT003,WEST,RETURNS,medium,resolved,2023-09-24 05:00:00,2023-09-24 07:41:00,2023-09-26 00:00:00,helpdesk
TKT0704,CUST0118,AGT030,NORTHEAST,ACCOUNT,medium,resolved,2024-08-07 07:00:00,2024-08-07 07:15:00,2024-08-07 11:00:00,crm
TKT0705,CUST0077,AGT003,MIDWEST,TECHNICAL,low,open,2023-02-20 12:00:00,2023-02-20 14:48:00,2023-02-22 20:00:00,helpdesk
TKT0706,CUST0105,AGT007,southeast,RETURNS,high,pending,2024-04-09 21:00:00,2024-04-09 23:16:00,2024-04-10 14:00:00,helpdesk
TKT0707,CUST0145,AGT024,northeast,TECHNICAL,urgent,open,2024-01-27 04:00:00,2024-01-27 06:00:00,2024-01-28 08:00:00,helpdesk
TKT0708,CUST0231,AGT030,SOUTHEAST,RETURNS,urgent,open,2023-05-30 00:00:00,2023-05-30 01:24:00,2023-05-31 11:00:00,crm
TKT0709,CUST0109,AGT023,WEST,ACCOUNT,high,open,2024-04-25 04:00:00,2024-04-25 05:32:00,2024-04-28 22:00:00,crm
TKT0710,CUST0242,AGT030,MIDWEST,SHIPPING,low,open,2024-07-24 01:00:00,2024-07-24 01:23:00,2024-07-25 21:00:00,helpdesk
TKT0711,CUST0190,AGT005,SOUTHWEST,BILLING,medium,resolved,2024-05-31 19:00:00,2024-05-31 20:47:00,2024-06-02 11:00:00,crm
TKT0712,CUST0163,AGT023,SOUTHWEST,ACCOUNT,medium,resolved,2024-05-30 15:00:00,2024-05-30 16:36:00,2024-06-02 04:00:00,crm
TKT0713,CUST0144,AGT024,MIDWEST,ACCOUNT,high,resolved,2023-11-17 01:00:00,2023-11-17 01:42:00,2023-11-19 18:00:00,helpdesk
TKT0714,CUST0252,AGT025,SOUTHEAST,SHIPPING,urgent,open,2024-06-13 10:00:00,2024-06-13 12:01:00,2024-06-14 09:00:00,crm
TKT0715,CUST0134,AGT006,northeast,ACCOUNT,urgent,open,2023-06-02 01:00:00,2023-06-02 02:08:00,,helpdesk
TKT0716,CUST0235,AGT016,NORTHEAST,TECHNICAL,low,resolved,2023-02-11 14:00:00,2023-02-11 15:41:00,2023-02-15 10:00:00,crm
TKT0717,CUST0140,AGT019,northeast,SHIPPING,medium,pending,2023-07-28 09:00:00,2023-07-28 09:56:00,2023-07-29 08:00:00,crm
TKT0718,CUST0127,AGT025,WEST,BILLING,high,open,2024-06-22 18:00:00,2024-06-22 18:56:00,2024-06-25 01:00:00,helpdesk
TKT0719,CUST0055,AGT027,MIDWEST,TECHNICAL,low,open,2024-11-28 21:00:00,2024-11-28 21:41:00,2024-12-01 01:00:00,helpdesk
TKT0720,CUST0138,AGT020,northeast,BILLING,high,open,2024-12-25 21:00:00,2024-12-25 23:12:00,2024-12-28 09:00:00,helpdesk
TKT0721,CUST0025,AGT026,northeast,RETURNS,high,open,2023-11-29 23:00:00,2023-11-30 01:35:00,2023-11-30 17:00:00,crm
TKT0722,CUST0092,AGT008,southeast,ACCOUNT,low,open,2024-07-14 19:00:00,2024-07-14 20:47:00,2024-07-15 08:00:00,crm
TKT0723,CUST0079,AGT004,MIDWEST,ACCOUNT,urgent,pending,2023-06-16 12:00:00,2023-06-16 13:53:00,2023-06-18 02:00:00,helpdesk
TKT0724,CUST0189,AGT017,SOUTHEAST,ACCOUNT,urgent,resolved,2024-12-02 19:00:00,2024-12-02 19:43:00,2024-12-04 18:00:00,helpdesk
TKT0725,CUST0217,AGT026,MIDWEST,SHIPPING,medium,resolved,2023-10-02 18:00:00,2023-10-02 20:43:00,,helpdesk
TKT0726,CUST0115,AGT021,northeast,TECHNICAL,urgent,pending,2023-04-06 01:00:00,2023-04-06 03:21:00,2023-04-07 22:00:00,crm
TKT0727,CUST0245,AGT010,SOUTHEAST,TECHNICAL,high,open,2023-10-25 14:00:00,2023-10-25 16:01:00,2023-10-26 02:00:00,helpdesk
TKT0728,CUST0024,AGT017,NORTHEAST,SHIPPING,urgent,resolved,2023-10-30 18:00:00,2023-10-30 18:22:00,,crm
TKT0729,CUST0300,AGT003,southeast,SHIPPING,low,open,2024-04-20 21:00:00,2024-04-20 23:35:00,2024-04-22 07:00:00,helpdesk
TKT0730,CUST0153,AGT011,SOUTHWEST,ACCOUNT,urgent,pending,2023-07-03 05:00:00,2023-07-03 06:50:00,,helpdesk
TKT0731,CUST0133,AGT028,northeast,BILLING,urgent,pending,2023-12-16 05:00:00,2023-12-16 06:04:00,,crm
TKT0732,CUST0245,AGT015,northeast,ACCOUNT,urgent,resolved,2023-01-06 12:00:00,2023-01-06 12:39:00,2023-01-06 15:00:00,helpdesk
TKT0733,CUST0070,AGT001,SOUTHEAST,BILLING,low,pending,2024-12-08 21:00:00,2024-12-08 22:51:00,,crm
TKT0734,CUST0124,AGT014,southeast,SHIPPING,medium,open,2023-01-28 06:00:00,2023-01-28 08:13:00,2023-01-31 19:00:00,helpdesk
TKT0735,CUST0086,AGT029,SOUTHEAST,ACCOUNT,urgent,resolved,2024-04-19 04:00:00,2024-04-19 06:11:00,,crm
TKT0736,CUST0201,AGT002,MIDWEST,BILLING,low,pending,2024-04-05 18:00:00,2024-04-05 19:12:00,2024-04-06 21:00:00,helpdesk
TKT0737,CUST0149,AGT002,WEST,ACCOUNT,urgent,pending,2024-03-01 15:00:00,2024-03-01 17:38:00,2024-03-04 21:00:00,helpdesk
TKT0738,CUST0296,AGT011,SOUTHWEST,BILLING,high,pending,2023-08-26 22:00:00,2023-08-26 22:25:00,,helpdesk
TKT0739,CUST0178,AGT015,northeast,ACCOUNT,low,open,2024-04-29 03:00:00,2024-04-29 05:16:00,2024-05-02 12:00:00,helpdesk
TKT0740,CUST0113,AGT019,northeast,RETURNS,urgent,open,2023-07-16 15:00:00,2023-07-16 16:38:00,2023-07-19 01:00:00,helpdesk
TKT0741,CUST0185,AGT026,WEST,TECHNICAL,medium,resolved,2024-12-29 12:00:00,2024-12-29 13:56:00,2025-01-02 04:00:00,crm
TKT0742,CUST0252,AGT004,southeast,ACCOUNT,urgent,resolved,2024-11-14 15:00:00,2024-11-14 15:43:00,2024-11-15 15:00:00,crm
TKT0743,CUST0134,AGT012,northeast,TECHNICAL,medium,pending,2023-08-03 17:00:00,2023-08-03 17:22:00,2023-08-03 21:00:00,crm
TKT0744,CUST0062,AGT018,SOUTHEAST,ACCOUNT,high,resolved,2023-03-07 10:00:00,2023-03-07 12:00:00,2023-03-08 02:00:00,helpdesk
TKT0745,CUST0264,AGT020,northeast,BILLING,low,resolved,2023-02-17 17:00:00,2023-02-17 18:18:00,2023-02-18 14:00:00,helpdesk
TKT0746,CUST0053,AGT027,SOUTHWEST,BILLING,low,open,2023-04-24 03:00:00,2023-04-24 05:46:00,2023-04-27 11:00:00,crm
TKT0747,CUST0227,AGT025,SOUTHWEST,ACCOUNT,low,open,2023-07-30 11:00:00,2023-07-30 11:50:00,2023-08-03 10:00:00,helpdesk
TKT0748,CUST0213,AGT025,southeast,BILLING,medium,resolved,2023-12-09 04:00:00,2023-12-09 04:41:00,2023-12-10 07:00:00,helpdesk
TKT0749,CUST0213,AGT012,northeast,TECHNICAL,medium,pending,2023-10-21 16:00:00,2023-10-21 16:53:00,2023-10-22 04:00:00,helpdesk
TKT0750,CUST0235,AGT028,SOUTHWEST,RETURNS,low,resolved,2023-08-22 04:00:00,2023-08-22 05:59:00,2023-08-24 10:00:00,crm
TKT0751,CUST0162,AGT013,southeast,TECHNICAL,urgent,open,2023-01-11 22:00:00,2023-01-12 00:22:00,,helpdesk
TKT0752,CUST0030,AGT021,northeast,SHIPPING,high,resolved,2023-02-07 21:00:00,2023-02-07 23:54:00,2023-02-08 18:00:00,helpdesk
TKT0753,CUST0161,AGT030,MIDWEST,BILLING,high,pending,2024-11-28 22:00:00,2024-11-29 00:31:00,2024-11-30 14:00:00,crm
TKT0754,CUST0279,AGT020,southeast,SHIPPING,urgent,pending,2024-12-18 12:00:00,2024-12-18 14:04:00,2024-12-22 00:00:00,helpdesk
TKT0755,CUST0276,AGT011,WEST,TECHNICAL,high,open,2024-10-26 12:00:00,2024-10-26 13:00:00,,crm
TKT0756,CUST0082,AGT001,NORTHEAST,SHIPPING,high,open,2024-06-07 17:00:00,2024-06-07 18:29:00,2024-06-10 13:00:00,helpdesk
TKT0757,CUST0191,AGT009,northeast,SHIPPING,high,open,2024-03-08 16:00:00,2024-03-08 16:38:00,,crm
TKT0758,CUST0003,AGT015,MIDWEST,TECHNICAL,medium,resolved,2024-10-28 03:00:00,2024-10-28 05:04:00,2024-10-29 19:00:00,helpdesk
TKT0759,CUST0194,AGT017,northeast,TECHNICAL,low,resolved,2023-10-19 21:00:00,2023-10-19 23:36:00,2023-10-23 13:00:00,crm
TKT0760,CUST0211,AGT003,NORTHEAST,BILLING,urgent,open,2024-01-05 14:00:00,2024-01-05 14:35:00,2024-01-06 10:00:00,helpdesk
TKT0761,CUST0207,AGT019,SOUTHWEST,SHIPPING,urgent,resolved,2023-08-08 14:00:00,2023-08-08 14:29:00,2023-08-10 15:00:00,helpdesk
TKT0762,CUST0251,AGT024,WEST,TECHNICAL,medium,pending,2024-10-13 13:00:00,2024-10-13 15:02:00,2024-10-17 07:00:00,crm
TKT0763,CUST0263,AGT028,SOUTHWEST,BILLING,medium,resolved,2024-05-11 22:00:00,2024-05-12 00:07:00,2024-05-12 16:00:00,helpdesk
TKT0764,CUST0061,AGT020,southeast,ACCOUNT,low,open,2023-02-03 23:00:00,2023-02-03 23:50:00,2023-02-07 00:00:00,helpdesk
TKT0765,CUST0191,AGT010,MIDWEST,RETURNS,high,resolved,2024-08-08 09:00:00,2024-08-08 09:20:00,2024-08-11 05:00:00,crm
TKT0766,CUST0157,AGT029,MIDWEST,TECHNICAL,medium,pending,2023-05-27 04:00:00,2023-05-27 06:40:00,,helpdesk
TKT0767,CUST0023,AGT014,WEST,SHIPPING,high,pending,2023-01-03 03:00:00,2023-01-03 05:30:00,,helpdesk
TKT0768,CUST0068,AGT025,SOUTHEAST,SHIPPING,urgent,resolved,2023-12-12 12:00:00,2023-12-12 14:11:00,2023-12-16 10:00:00,helpdesk
TKT0769,CUST0210,AGT013,SOUTHEAST,ACCOUNT,high,pending,2023-06-02 23:00:00,2023-06-03 00:33:00,2023-06-03 12:00:00,crm
TKT0770,CUST0085,AGT023,NORTHEAST,SHIPPING,high,pending,2024-11-17 14:00:00,2024-11-17 15:21:00,,crm
TKT0771,CUST0278,AGT019,southeast,BILLING,medium,resolved,2024-10-21 17:00:00,2024-10-21 17:31:00,2024-10-22 19:00:00,crm
TKT0772,CUST0141,AGT026,SOUTHEAST,TECHNICAL,urgent,open,2023-05-04 21:00:00,2023-05-04 23:26:00,2023-05-05 22:00:00,helpdesk
TKT0773,CUST0012,AGT011,WEST,TECHNICAL,urgent,open,2024-02-16 18:00:00,2024-02-16 18:21:00,2024-02-19 10:00:00,helpdesk
TKT0774,CUST0278,AGT006,MIDWEST,TECHNICAL,medium,resolved,2024-01-27 08:00:00,2024-01-27 08:33:00,2024-01-28 00:00:00,crm
TKT0775,CUST0167,AGT006,NORTHEAST,BILLING,high,resolved,2023-06-07 09:00:00,2023-06-07 10:54:00,2023-06-11 01:00:00,crm
TKT0776,CUST0062,AGT002,SOUTHEAST,TECHNICAL,medium,resolved,2023-11-24 04:00:00,2023-11-24 05:55:00,2023-11-25 23:00:00,helpdesk
TKT0777,CUST0209,AGT003,WEST,BILLING,urgent,pending,2023-04-28 08:00:00,2023-04-28 08:25:00,2023-04-30 02:00:00,crm
TKT0778,CUST0127,AGT025,SOUTHWEST,TECHNICAL,high,pending,2023-01-20 08:00:00,2023-01-20 10:31:00,2023-01-23 13:00:00,helpdesk
TKT0779,CUST0073,AGT012,SOUTHWEST,TECHNICAL,medium,pending,2024-04-01 02:00:00,2024-04-01 04:52:00,2024-04-03 20:00:00,helpdesk
TKT0780,CUST0149,AGT021,SOUTHEAST,BILLING,low,resolved,2024-07-22 14:00:00,2024-07-22 14:20:00,2024-07-22 16:00:00,helpdesk
TKT0781,CUST0109,AGT019,southeast,SHIPPING,high,open,2024-09-04 08:00:00,2024-09-04 09:47:00,2024-09-06 06:00:00,crm
TKT0782,CUST0063,AGT027,SOUTHEAST,SHIPPING,high,resolved,2024-06-30 18:00:00,2024-06-30 18:27:00,,crm
TKT0783,CUST0134,AGT025,northeast,ACCOUNT,high,open,2024-09-17 16:00:00,2024-09-17 17:31:00,2024-09-21 09:00:00,helpdesk
TKT0784,CUST0069,AGT021,NORTHEAST,SHIPPING,urgent,open,2023-12-16 06:00:00,2023-12-16 08:07:00,2023-12-19 12:00:00,crm
TKT0785,CUST0251,AGT025,WEST,SHIPPING,low,pending,2024-11-19 05:00:00,2024-11-19 06:55:00,2024-11-22 06:00:00,crm
TKT0786,CUST0193,AGT027,SOUTHWEST,RETURNS,urgent,open,2024-07-05 00:00:00,2024-07-05 02:03:00,2024-07-08 16:00:00,crm
TKT0787,CUST0114,AGT024,NORTHEAST,RETURNS,high,open,2023-05-08 14:00:00,2023-05-08 15:44:00,2023-05-09 16:00:00,crm
TKT0788,CUST0253,AGT012,NORTHEAST,RETURNS,urgent,pending,2024-09-20 20:00:00,2024-09-20 21:27:00,2024-09-24 17:00:00,crm
TKT0789,CUST0143,AGT019,SOUTHWEST,ACCOUNT,medium,pending,2023-01-08 06:00:00,2023-01-08 08:53:00,2023-01-10 10:00:00,crm
TKT0790,CUST0290,AGT006,NORTHEAST,SHIPPING,medium,pending,2024-11-06 23:00:00,2024-11-07 01:34:00,2024-11-10 15:00:00,crm
TKT0791,CUST0141,AGT007,southeast,BILLING,high,pending,2023-05-11 08:00:00,2023-05-11 10:35:00,2023-05-12 15:00:00,helpdesk
TKT0792,CUST0027,AGT028,MIDWEST,ACCOUNT,urgent,resolved,2023-01-03 13:00:00,2023-01-03 15:54:00,2023-01-07 05:00:00,crm
TKT0793,CUST0023,AGT029,northeast,TECHNICAL,low,resolved,2024-11-27 16:00:00,2024-11-27 18:09:00,2024-11-30 09:00:00,helpdesk
TKT0794,CUST0172,AGT003,SOUTHWEST,BILLING,medium,pending,2024-06-29 14:00:00,2024-06-29 15:30:00,2024-06-29 16:00:00,helpdesk
TKT0795,CUST0033,AGT021,northeast,BILLING,low,resolved,2023-03-18 07:00:00,2023-03-18 08:00:00,2023-03-19 06:00:00,helpdesk
TKT0796,CUST0127,AGT004,WEST,TECHNICAL,high,open,2023-01-25 18:00:00,2023-01-25 20:50:00,2023-01-27 14:00:00,helpdesk
TKT0797,CUST0049,AGT021,WEST,SHIPPING,low,open,2024-06-16 07:00:00,2024-06-16 07:28:00,2024-06-19 13:00:00,crm
TKT0798,CUST0066,AGT002,southeast,ACCOUNT,low,resolved,2023-02-04 12:00:00,2023-02-04 13:30:00,,helpdesk
TKT0799,CUST0196,AGT013,NORTHEAST,SHIPPING,urgent,open,2023-03-09 03:00:00,2023-03-09 03:24:00,,crm
TKT0800,CUST0052,AGT011,northeast,BILLING,urgent,pending,2024-04-09 12:00:00,2024-04-09 14:08:00,2024-04-11 20:00:00,helpdesk
TKT0801,CUST0035,AGT019,southeast,TECHNICAL,medium,pending,2024-08-24 06:00:00,2024-08-24 06:37:00,,helpdesk
TKT0802,CUST0096,AGT008,SOUTHEAST,BILLING,low,open,2023-12-30 13:00:00,2023-12-30 15:13:00,2024-01-03 11:00:00,helpdesk
TKT0803,CUST0160,AGT019,SOUTHWEST,TECHNICAL,medium,resolved,2024-08-21 13:00:00,2024-08-21 15:21:00,2024-08-25 02:00:00,helpdesk
TKT0804,CUST0266,AGT019,northeast,TECHNICAL,low,open,2024-09-09 10:00:00,2024-09-09 11:24:00,2024-09-11 11:00:00,crm
TKT0805,CUST0104,AGT026,NORTHEAST,RETURNS,medium,pending,2024-03-08 11:00:00,2024-03-08 12:00:00,2024-03-09 14:00:00,helpdesk
TKT0806,CUST0297,AGT019,MIDWEST,SHIPPING,high,resolved,2024-12-12 22:00:00,2024-12-13 00:09:00,2024-12-16 04:00:00,helpdesk
TKT0807,CUST0002,AGT021,SOUTHEAST,TECHNICAL,urgent,pending,2023-06-16 03:00:00,2023-06-16 05:06:00,2023-06-16 10:00:00,crm
TKT0808,CUST0205,AGT006,southeast,BILLING,high,open,2023-09-02 15:00:00,2023-09-02 16:34:00,2023-09-06 15:00:00,crm
TKT0809,CUST0226,AGT007,northeast,SHIPPING,high,open,2024-01-02 00:00:00,2024-01-02 02:32:00,2024-01-02 16:00:00,crm
TKT0810,CUST0135,AGT024,SOUTHEAST,RETURNS,medium,open,2023-07-23 06:00:00,2023-07-23 07:22:00,2023-07-24 06:00:00,crm
TKT0811,CUST0071,AGT013,northeast,BILLING,high,open,2023-01-23 05:00:00,2023-01-23 06:17:00,,helpdesk
TKT0812,CUST0270,AGT026,SOUTHWEST,ACCOUNT,low,open,2024-04-12 07:00:00,2024-04-12 08:44:00,2024-04-14 08:00:00,crm
TKT0813,CUST0192,AGT011,SOUTHWEST,ACCOUNT,medium,open,2023-05-14 06:00:00,2023-05-14 06:59:00,2023-05-17 04:00:00,crm
TKT0814,CUST0144,AGT028,SOUTHEAST,SHIPPING,urgent,open,2024-07-02 09:00:00,2024-07-02 09:48:00,2024-07-04 04:00:00,crm
TKT0815,CUST0199,AGT025,northeast,SHIPPING,high,resolved,2024-04-26 21:00:00,2024-04-26 23:47:00,2024-04-27 07:00:00,helpdesk
TKT0816,CUST0254,AGT016,MIDWEST,SHIPPING,urgent,pending,2023-07-03 10:00:00,2023-07-03 11:45:00,2023-07-06 07:00:00,crm
TKT0817,CUST0203,AGT007,MIDWEST,ACCOUNT,urgent,pending,2023-08-01 07:00:00,2023-08-01 08:01:00,2023-08-03 18:00:00,crm
TKT0818,CUST0044,AGT010,WEST,SHIPPING,high,open,2024-01-19 08:00:00,2024-01-19 10:30:00,2024-01-19 20:00:00,crm
TKT0819,CUST0240,AGT014,WEST,RETURNS,urgent,resolved,2024-04-21 16:00:00,2024-04-21 18:49:00,2024-04-23 13:00:00,helpdesk
TKT0820,CUST0039,AGT012,NORTHEAST,RETURNS,low,resolved,2024-01-27 00:00:00,2024-01-27 00:55:00,2024-01-29 10:00:00,crm
TKT0821,CUST0103,AGT011,SOUTHEAST,RETURNS,high,resolved,2023-04-11 03:00:00,2023-04-11 03:28:00,,helpdesk
TKT0822,CUST0279,AGT030,MIDWEST,BILLING,high,resolved,2023-07-15 22:00:00,2023-07-16 00:44:00,2023-07-16 17:00:00,helpdesk
TKT0823,CUST0263,AGT025,SOUTHEAST,ACCOUNT,medium,open,2024-02-18 12:00:00,2024-02-18 14:38:00,,crm
TKT0824,CUST0240,AGT024,southeast,ACCOUNT,high,open,2024-04-30 07:00:00,2024-04-30 09:22:00,2024-05-03 12:00:00,helpdesk
TKT0825,CUST0286,AGT001,MIDWEST,TECHNICAL,medium,resolved,2023-07-12 13:00:00,2023-07-12 14:56:00,2023-07-13 17:00:00,crm
TKT0826,CUST0218,AGT022,southeast,ACCOUNT,high,resolved,2024-05-26 21:00:00,2024-05-26 22:40:00,2024-05-28 18:00:00,crm
TKT0827,CUST0170,AGT019,northeast,SHIPPING,urgent,resolved,2024-08-04 01:00:00,2024-08-04 01:45:00,2024-08-04 22:00:00,crm
TKT0828,CUST0056,AGT011,SOUTHWEST,ACCOUNT,high,open,2024-02-05 02:00:00,2024-02-05 04:26:00,2024-02-07 05:00:00,crm
TKT0829,CUST0251,AGT001,SOUTHEAST,TECHNICAL,low,resolved,2023-04-17 21:00:00,2023-04-17 23:31:00,,helpdesk
TKT0830,CUST0233,AGT002,MIDWEST,SHIPPING,low,open,2023-07-30 07:00:00,2023-07-30 08:24:00,2023-08-02 21:00:00,helpdesk
TKT0831,CUST0215,AGT016,northeast,BILLING,urgent,open,2024-02-25 12:00:00,2024-02-25 12:50:00,2024-02-26 04:00:00,crm
TKT0832,CUST0082,AGT020,SOUTHWEST,RETURNS,medium,pending,2023-07-30 09:00:00,2023-07-30 11:00:00,2023-08-03 05:00:00,helpdesk
TKT0833,CUST0205,AGT020,southeast,TECHNICAL,high,pending,2023-10-10 06:00:00,2023-10-10 06:11:00,2023-10-11 02:00:00,helpdesk
TKT0834,CUST0148,AGT021,WEST,RETURNS,high,resolved,2024-04-16 14:00:00,2024-04-16 16:37:00,2024-04-16 21:00:00,crm
TKT0835,CUST0235,AGT013,northeast,TECHNICAL,low,resolved,2024-03-01 07:00:00,2024-03-01 07:55:00,2024-03-04 16:00:00,crm
TKT0836,CUST0035,AGT023,northeast,TECHNICAL,urgent,resolved,2023-09-03 05:00:00,2023-09-03 06:20:00,2023-09-06 15:00:00,crm
TKT0837,CUST0167,AGT014,WEST,TECHNICAL,high,open,2024-01-13 02:00:00,2024-01-13 02:36:00,2024-01-15 20:00:00,crm
TKT0838,CUST0237,AGT013,MIDWEST,ACCOUNT,medium,resolved,2024-04-18 00:00:00,2024-04-18 00:28:00,2024-04-21 11:00:00,crm
TKT0839,CUST0168,AGT022,northeast,ACCOUNT,urgent,resolved,2023-01-11 08:00:00,2023-01-11 08:39:00,2023-01-15 04:00:00,crm
TKT0840,CUST0225,AGT005,WEST,RETURNS,medium,open,2023-03-26 17:00:00,2023-03-26 19:58:00,2023-03-28 02:00:00,crm
TKT0841,CUST0201,AGT006,NORTHEAST,BILLING,high,open,2024-09-13 03:00:00,2024-09-13 03:55:00,2024-09-14 18:00:00,helpdesk
TKT0842,CUST0273,AGT007,WEST,BILLING,low,resolved,2024-01-02 05:00:00,2024-01-02 06:05:00,,helpdesk
TKT0843,CUST0194,AGT025,SOUTHEAST,TECHNICAL,high,open,2024-03-30 01:00:00,2024-03-30 03:43:00,,crm
TKT0844,CUST0173,AGT027,SOUTHEAST,BILLING,medium,open,2023-04-04 00:00:00,2023-04-04 01:57:00,2023-04-04 05:00:00,crm
TKT0845,CUST0168,AGT011,SOUTHWEST,TECHNICAL,medium,pending,2023-06-21 01:00:00,2023-06-21 02:56:00,2023-06-23 20:00:00,helpdesk
TKT0846,CUST0166,AGT006,NORTHEAST,ACCOUNT,high,open,2024-03-14 03:00:00,2024-03-14 04:09:00,2024-03-15 08:00:00,helpdesk
TKT0847,CUST0143,AGT021,SOUTHWEST,RETURNS,low,open,2023-08-06 14:00:00,2023-08-06 15:06:00,2023-08-07 00:00:00,crm
TKT0848,CUST0053,AGT023,SOUTHWEST,SHIPPING,medium,resolved,2024-02-25 09:00:00,2024-02-25 11:43:00,2024-02-28 02:00:00,crm
TKT0849,CUST0069,AGT011,SOUTHEAST,RETURNS,urgent,open,2024-09-06 10:00:00,2024-09-06 12:51:00,2024-09-10 05:00:00,helpdesk
TKT0850,CUST0120,AGT017,SOUTHWEST,BILLING,medium,open,2023-01-19 19:00:00,2023-01-19 21:39:00,2023-01-22 06:00:00,crm
TKT0851,CUST0031,AGT005,MIDWEST,ACCOUNT,high,open,2023-11-13 07:00:00,2023-11-13 08:59:00,2023-11-14 16:00:00,crm
TKT0852,CUST0228,AGT024,MIDWEST,TECHNICAL,high,resolved,2024-01-20 06:00:00,2024-01-20 08:54:00,2024-01-20 12:00:00,crm
TKT0853,CUST0118,AGT028,northeast,RETURNS,high,open,2024-06-17 13:00:00,2024-06-17 15:55:00,2024-06-19 03:00:00,crm
TKT0854,CUST0114,AGT020,southeast,ACCOUNT,high,open,2024-07-06 01:00:00,2024-07-06 04:00:00,2024-07-07 10:00:00,helpdesk
TKT0855,CUST0099,AGT002,northeast,TECHNICAL,medium,open,2024-10-06 00:00:00,2024-10-06 00:26:00,,crm
TKT0856,CUST0041,AGT014,northeast,ACCOUNT,high,open,2023-06-27 18:00:00,2023-06-27 20:30:00,2023-06-28 22:00:00,crm
TKT0857,CUST0147,AGT019,WEST,TECHNICAL,high,resolved,2023-09-08 13:00:00,2023-09-08 13:55:00,2023-09-11 20:00:00,crm
TKT0858,CUST0217,AGT017,SOUTHWEST,ACCOUNT,medium,resolved,2024-01-04 12:00:00,2024-01-04 13:46:00,2024-01-05 11:00:00,crm
TKT0859,CUST0079,AGT018,northeast,TECHNICAL,high,resolved,2024-01-26 13:00:00,2024-01-26 13:31:00,2024-01-28 05:00:00,helpdesk
TKT0860,CUST0247,AGT003,MIDWEST,TECHNICAL,urgent,open,2023-11-10 14:00:00,2023-11-10 15:22:00,2023-11-12 16:00:00,crm
TKT0861,CUST0192,AGT016,WEST,ACCOUNT,urgent,pending,2023-07-14 00:00:00,2023-07-14 00:13:00,2023-07-16 18:00:00,helpdesk
TKT0862,CUST0037,AGT014,NORTHEAST,BILLING,urgent,pending,2024-01-29 15:00:00,2024-01-29 16:28:00,2024-02-02 03:00:00,crm
TKT0863,CUST0251,AGT021,northeast,RETURNS,low,pending,2023-07-18 13:00:00,2023-07-18 14:15:00,2023-07-22 11:00:00,helpdesk
TKT0864,CUST0186,AGT021,northeast,BILLING,medium,resolved,2024-03-10 23:00:00,2024-03-11 00:13:00,2024-03-12 08:00:00,helpdesk
TKT0865,CUST0083,AGT001,NORTHEAST,BILLING,urgent,resolved,2024-11-28 04:00:00,2024-11-28 05:15:00,2024-11-29 13:00:00,crm
TKT0866,CUST0130,AGT023,MIDWEST,SHIPPING,urgent,pending,2024-06-14 06:00:00,2024-06-14 07:58:00,2024-06-15 05:00:00,helpdesk
TKT0867,CUST0177,AGT027,SOUTHEAST,RETURNS,medium,pending,2024-02-26 23:00:00,2024-02-26 23:32:00,2024-02-27 14:00:00,helpdesk
TKT0868,CUST0001,AGT004,NORTHEAST,ACCOUNT,urgent,pending,2024-12-16 09:00:00,2024-12-16 09:11:00,2024-12-17 08:00:00,helpdesk
TKT0869,CUST0069,AGT007,WEST,TECHNICAL,low,resolved,2024-03-17 05:00:00,2024-03-17 05:55:00,2024-03-19 06:00:00,crm
TKT0870,CUST0099,AGT009,southeast,ACCOUNT,urgent,pending,2023-07-10 06:00:00,2023-07-10 06:25:00,2023-07-11 07:00:00,crm
TKT0871,CUST0064,AGT009,NORTHEAST,RETURNS,low,pending,2024-10-13 05:00:00,2024-10-13 05:30:00,,crm
TKT0872,CUST0004,AGT022,SOUTHWEST,BILLING,low,open,2024-05-04 15:00:00,2024-05-04 15:35:00,,crm
TKT0873,CUST0243,AGT025,MIDWEST,SHIPPING,urgent,resolved,2024-01-20 19:00:00,2024-01-20 21:23:00,2024-01-22 07:00:00,helpdesk
TKT0874,CUST0205,AGT013,SOUTHWEST,BILLING,high,resolved,2024-11-29 10:00:00,2024-11-29 11:30:00,2024-11-30 18:00:00,crm
TKT0875,CUST0072,AGT001,SOUTHWEST,BILLING,high,pending,2023-01-04 14:00:00,2023-01-04 15:52:00,2023-01-08 12:00:00,crm
TKT0876,CUST0244,AGT017,WEST,TECHNICAL,low,pending,2024-01-13 14:00:00,2024-01-13 16:48:00,2024-01-17 07:00:00,helpdesk
TKT0877,CUST0167,AGT022,WEST,TECHNICAL,urgent,resolved,2023-01-18 20:00:00,2023-01-18 21:42:00,2023-01-19 03:00:00,crm
TKT0878,CUST0052,AGT024,WEST,RETURNS,medium,pending,2023-12-23 13:00:00,2023-12-23 15:11:00,2023-12-27 03:00:00,crm
TKT0879,CUST0045,AGT010,southeast,SHIPPING,urgent,open,2024-06-16 18:00:00,2024-06-16 20:19:00,2024-06-17 00:00:00,helpdesk
TKT0880,CUST0109,AGT006,southeast,BILLING,low,resolved,2023-04-29 15:00:00,2023-04-29 17:59:00,2023-05-02 14:00:00,crm
TKT0881,CUST0132,AGT022,WEST,BILLING,medium,pending,2023-06-14 10:00:00,2023-06-14 11:48:00,2023-06-15 23:00:00,helpdesk
TKT0882,CUST0034,AGT021,MIDWEST,ACCOUNT,urgent,pending,2023-04-03 22:00:00,2023-04-03 23:35:00,2023-04-05 04:00:00,helpdesk
TKT0883,CUST0058,AGT003,MIDWEST,SHIPPING,medium,pending,2023-08-27 07:00:00,2023-08-27 08:16:00,2023-08-27 23:00:00,crm
TKT0884,CUST0296,AGT024,NORTHEAST,RETURNS,low,pending,2024-08-09 11:00:00,2024-08-09 11:42:00,2024-08-11 05:00:00,crm
TKT0885,CUST0065,AGT017,northeast,SHIPPING,medium,open,2024-02-02 13:00:00,2024-02-02 14:31:00,2024-02-04 13:00:00,helpdesk
TKT0886,CUST0152,AGT027,SOUTHEAST,ACCOUNT,urgent,open,2023-01-10 17:00:00,2023-01-10 19:07:00,2023-01-12 11:00:00,helpdesk
TKT0887,CUST0164,AGT010,SOUTHWEST,BILLING,high,pending,2023-05-30 23:00:00,2023-05-31 02:00:00,,helpdesk
TKT0888,CUST0193,AGT002,southeast,RETURNS,medium,pending,2024-10-08 06:00:00,2024-10-08 08:16:00,2024-10-09 21:00:00,crm
TKT0889,CUST0201,AGT010,southeast,TECHNICAL,low,pending,2023-08-19 22:00:00,2023-08-19 22:23:00,2023-08-20 22:00:00,helpdesk
TKT0890,CUST0201,AGT003,SOUTHWEST,RETURNS,high,pending,2023-12-12 13:00:00,2023-12-12 15:11:00,2023-12-14 11:00:00,crm
TKT0891,CUST0298,AGT028,southeast,BILLING,high,resolved,2024-12-18 17:00:00,2024-12-18 18:50:00,2024-12-19 07:00:00,crm
TKT0892,CUST0075,AGT007,SOUTHEAST,TECHNICAL,low,resolved,2024-08-14 04:00:00,2024-08-14 06:03:00,2024-08-17 23:00:00,crm
TKT0893,CUST0087,AGT030,NORTHEAST,BILLING,high,resolved,2024-11-25 04:00:00,2024-11-25 05:46:00,2024-11-27 12:00:00,crm
TKT0894,CUST0223,AGT005,northeast,ACCOUNT,medium,open,2023-02-23 03:00:00,2023-02-23 05:21:00,2023-02-26 16:00:00,crm
TKT0895,CUST0089,AGT021,northeast,ACCOUNT,low,resolved,2023-09-04 12:00:00,2023-09-04 14:15:00,2023-09-06 04:00:00,helpdesk
TKT0896,CUST0062,AGT004,NORTHEAST,BILLING,urgent,pending,2023-10-09 20:00:00,2023-10-09 22:57:00,2023-10-12 06:00:00,crm
TKT0897,CUST0049,AGT026,SOUTHWEST,TECHNICAL,urgent,resolved,2023-01-24 18:00:00,2023-01-24 20:36:00,2023-01-27 21:00:00,helpdesk
TKT0898,CUST0276,AGT006,WEST,BILLING,urgent,pending,2023-11-02 18:00:00,2023-11-02 18:42:00,2023-11-03 08:00:00,helpdesk
TKT0899,CUST0064,AGT025,southeast,TECHNICAL,low,open,2023-03-07 16:00:00,2023-03-07 18:39:00,2023-03-10 14:00:00,crm
TKT0900,CUST0066,AGT019,SOUTHEAST,TECHNICAL,low,pending,2023-01-06 17:00:00,2023-01-06 19:04:00,2023-01-08 11:00:00,helpdesk
TKT0901,CUST0279,AGT006,WEST,BILLING,medium,resolved,2023-02-05 02:00:00,2023-02-05 02:41:00,2023-02-07 20:00:00,crm
TKT0902,CUST0296,AGT016,northeast,RETURNS,high,pending,2024-06-15 09:00:00,2024-06-15 11:58:00,2024-06-18 07:00:00,crm
TKT0903,CUST0097,AGT005,MIDWEST,TECHNICAL,medium,pending,2024-12-05 03:00:00,2024-12-05 05:59:00,2024-12-05 10:00:00,crm
TKT0904,CUST0217,AGT003,SOUTHWEST,RETURNS,high,resolved,2024-08-28 11:00:00,2024-08-28 12:21:00,2024-08-29 05:00:00,crm
TKT0905,CUST0074,AGT018,SOUTHEAST,BILLING,high,pending,2024-02-14 14:00:00,2024-02-14 14:31:00,2024-02-16 00:00:00,crm
TKT0906,CUST0084,AGT014,southeast,TECHNICAL,high,resolved,2024-01-17 18:00:00,2024-01-17 20:58:00,2024-01-21 06:00:00,helpdesk
TKT0907,CUST0273,AGT004,northeast,SHIPPING,urgent,open,2023-01-27 19:00:00,2023-01-27 20:13:00,2023-01-28 06:00:00,helpdesk
TKT0908,CUST0075,AGT028,southeast,TECHNICAL,high,open,2024-10-17 02:00:00,2024-10-17 03:42:00,2024-10-18 22:00:00,crm
TKT0909,CUST0064,AGT006,SOUTHWEST,RETURNS,urgent,open,2024-01-22 07:00:00,2024-01-22 08:46:00,2024-01-22 22:00:00,helpdesk
TKT0910,CUST0051,AGT029,NORTHEAST,TECHNICAL,high,resolved,2024-12-18 18:00:00,2024-12-18 19:22:00,2024-12-21 18:00:00,crm
TKT0911,CUST0207,AGT016,SOUTHWEST,TECHNICAL,high,open,2023-12-20 23:00:00,2023-12-21 01:26:00,2023-12-23 23:00:00,crm
TKT0912,CUST0137,AGT002,northeast,RETURNS,medium,pending,2024-11-04 04:00:00,2024-11-04 04:46:00,2024-11-06 06:00:00,helpdesk
TKT0913,CUST0240,AGT017,MIDWEST,RETURNS,urgent,pending,2024-12-24 14:00:00,2024-12-24 14:56:00,2024-12-27 00:00:00,crm
TKT0914,CUST0161,AGT028,NORTHEAST,BILLING,low,pending,2023-11-09 20:00:00,2023-11-09 20:32:00,2023-11-11 13:00:00,crm
TKT0915,CUST0147,AGT018,WEST,BILLING,urgent,pending,2023-04-06 05:00:00,2023-04-06 07:37:00,,crm
TKT0916,CUST0273,AGT023,NORTHEAST,ACCOUNT,low,pending,2024-05-06 15:00:00,2024-05-06 17:21:00,2024-05-10 08:00:00,crm
TKT0917,CUST0177,AGT008,northeast,SHIPPING,low,pending,2023-01-08 22:00:00,2023-01-08 23:58:00,2023-01-12 17:00:00,helpdesk
TKT0918,CUST0188,AGT027,SOUTHEAST,SHIPPING,high,open,2023-06-22 21:00:00,2023-06-22 23:24:00,2023-06-24 03:00:00,helpdesk
TKT0919,CUST0174,AGT030,northeast,TECHNICAL,low,resolved,2024-05-22 12:00:00,2024-05-22 12:53:00,2024-05-24 13:00:00,helpdesk
TKT0920,CUST0292,AGT013,SOUTHEAST,RETURNS,low,resolved,2024-05-09 09:00:00,2024-05-09 10:17:00,,helpdesk
TKT0921,CUST0153,AGT012,NORTHEAST,BILLING,high,pending,2023-02-28 11:00:00,2023-02-28 11:11:00,2023-03-03 19:00:00,crm
TKT0922,CUST0102,AGT003,SOUTHWEST,SHIPPING,medium,resolved,2024-02-16 11:00:00,2024-02-16 11:12:00,2024-02-17 01:00:00,crm
TKT0923,CUST0241,AGT013,MIDWEST,RETURNS,high,resolved,2024-05-14 00:00:00,2024-05-14 00:49:00,2024-05-17 14:00:00,crm
TKT0924,CUST0225,AGT006,SOUTHEAST,RETURNS,urgent,open,2024-07-03 08:00:00,2024-07-03 08:37:00,2024-07-05 18:00:00,helpdesk
TKT0925,CUST0069,AGT013,WEST,RETURNS,low,open,2024-12-27 06:00:00,2024-12-27 06:38:00,2024-12-28 08:00:00,crm
TKT0926,CUST0282,AGT016,southeast,TECHNICAL,high,resolved,2024-05-05 21:00:00,2024-05-05 22:18:00,2024-05-06 14:00:00,helpdesk
TKT0927,CUST0177,AGT017,NORTHEAST,TECHNICAL,low,pending,2023-05-15 03:00:00,2023-05-15 03:37:00,2023-05-15 07:00:00,helpdesk
TKT0928,CUST0145,AGT016,NORTHEAST,ACCOUNT,medium,pending,2024-03-15 19:00:00,2024-03-15 19:12:00,2024-03-18 04:00:00,crm
TKT0929,CUST0135,AGT023,SOUTHEAST,ACCOUNT,medium,resolved,2024-06-07 05:00:00,2024-06-07 06:13:00,2024-06-08 18:00:00,crm
TKT0930,CUST0077,AGT008,NORTHEAST,TECHNICAL,urgent,open,2024-12-18 23:00:00,2024-12-19 01:18:00,2024-12-22 07:00:00,helpdesk
TKT0931,CUST0047,AGT028,NORTHEAST,ACCOUNT,urgent,pending,2023-07-16 04:00:00,2023-07-16 05:59:00,2023-07-16 08:00:00,helpdesk
TKT0932,CUST0246,AGT002,SOUTHWEST,ACCOUNT,low,resolved,2024-12-17 20:00:00,2024-12-17 21:09:00,2024-12-19 02:00:00,crm
TKT0933,CUST0127,AGT011,NORTHEAST,TECHNICAL,low,open,2023-10-03 11:00:00,2023-10-03 12:21:00,2023-10-05 09:00:00,crm
TKT0934,CUST0144,AGT030,SOUTHWEST,BILLING,urgent,open,2024-11-07 23:00:00,2024-11-08 00:32:00,2024-11-09 04:00:00,helpdesk
TKT0935,CUST0007,AGT022,SOUTHWEST,TECHNICAL,high,resolved,2024-05-18 11:00:00,2024-05-18 12:35:00,2024-05-20 03:00:00,helpdesk
TKT0936,CUST0142,AGT007,SOUTHWEST,ACCOUNT,low,open,2024-08-26 16:00:00,2024-08-26 18:44:00,2024-08-28 17:00:00,crm
TKT0937,CUST0098,AGT007,northeast,ACCOUNT,low,open,2024-10-06 23:00:00,2024-10-07 01:44:00,,helpdesk
TKT0938,CUST0079,AGT002,SOUTHEAST,TECHNICAL,urgent,pending,2023-11-05 23:00:00,2023-11-06 01:11:00,2023-11-07 02:00:00,helpdesk
TKT0939,CUST0061,AGT030,WEST,BILLING,urgent,resolved,2024-07-27 11:00:00,2024-07-27 12:43:00,2024-07-29 22:00:00,crm
TKT0940,CUST0149,AGT002,SOUTHWEST,BILLING,medium,pending,2023-06-20 19:00:00,2023-06-20 20:20:00,2023-06-24 14:00:00,helpdesk
TKT0941,CUST0085,AGT015,southeast,SHIPPING,urgent,pending,2024-05-21 21:00:00,2024-05-21 23:26:00,2024-05-24 16:00:00,helpdesk
TKT0942,CUST0082,AGT019,SOUTHEAST,SHIPPING,low,pending,2024-02-15 19:00:00,2024-02-15 20:19:00,2024-02-16 23:00:00,helpdesk
TKT0943,CUST0113,AGT010,northeast,RETURNS,low,open,2024-05-30 22:00:00,2024-05-31 00:24:00,2024-06-01 09:00:00,crm
TKT0944,CUST0076,AGT029,MIDWEST,TECHNICAL,high,open,2023-02-16 17:00:00,2023-02-16 18:10:00,,crm
TKT0945,CUST0189,AGT011,NORTHEAST,SHIPPING,high,pending,2023-08-04 17:00:00,2023-08-04 17:39:00,2023-08-04 19:00:00,crm
TKT0946,CUST0006,AGT027,MIDWEST,TECHNICAL,high,open,2024-02-23 19:00:00,2024-02-23 20:25:00,2024-02-25 14:00:00,helpdesk
TKT0947,CUST0196,AGT021,MIDWEST,SHIPPING,medium,resolved,2023-01-17 17:00:00,2023-01-17 19:58:00,2023-01-20 21:00:00,crm
TKT0948,CUST0203,AGT005,WEST,TECHNICAL,urgent,resolved,2023-11-29 08:00:00,2023-11-29 09:02:00,2023-12-02 12:00:00,crm
TKT0949,CUST0091,AGT007,SOUTHWEST,ACCOUNT,medium,pending,2024-05-05 02:00:00,2024-05-05 04:16:00,2024-05-06 03:00:00,helpdesk
TKT0950,CUST0097,AGT003,SOUTHEAST,BILLING,urgent,open,2023-01-22 09:00:00,2023-01-22 09:51:00,2023-01-23 09:00:00,helpdesk
TKT0951,CUST0007,AGT020,NORTHEAST,ACCOUNT,urgent,open,2024-10-22 12:00:00,2024-10-22 12:35:00,2024-10-26 10:00:00,crm
TKT0952,CUST0043,AGT009,SOUTHEAST,SHIPPING,low,open,2023-01-14 20:00:00,2023-01-14 20:21:00,2023-01-15 14:00:00,crm
TKT0953,CUST0072,AGT016,southeast,SHIPPING,urgent,open,2024-07-09 23:00:00,2024-07-10 00:36:00,,helpdesk
TKT0954,CUST0137,AGT021,SOUTHWEST,BILLING,low,open,2023-12-06 15:00:00,2023-12-06 15:49:00,,crm
TKT0955,CUST0213,AGT005,NORTHEAST,TECHNICAL,low,open,2024-07-11 09:00:00,2024-07-11 09:36:00,2024-07-14 04:00:00,helpdesk
TKT0956,CUST0197,AGT022,northeast,BILLING,urgent,open,2024-01-30 04:00:00,2024-01-30 05:40:00,2024-02-02 17:00:00,crm
TKT0957,CUST0171,AGT004,MIDWEST,BILLING,low,pending,2023-08-18 03:00:00,2023-08-18 04:22:00,,crm
TKT0958,CUST0218,AGT005,northeast,RETURNS,high,resolved,2023-07-02 13:00:00,2023-07-02 15:25:00,2023-07-04 09:00:00,crm
TKT0959,CUST0040,AGT026,NORTHEAST,TECHNICAL,medium,resolved,2023-10-05 15:00:00,2023-10-05 17:59:00,2023-10-07 16:00:00,crm
TKT0960,CUST0219,AGT024,MIDWEST,TECHNICAL,low,resolved,2024-02-04 14:00:00,2024-02-04 16:12:00,2024-02-05 00:00:00,crm
TKT0961,CUST0247,AGT023,WEST,SHIPPING,high,open,2023-07-06 12:00:00,2023-07-06 13:40:00,2023-07-08 06:00:00,crm
TKT0962,CUST0253,AGT018,SOUTHWEST,TECHNICAL,urgent,open,2024-01-28 13:00:00,2024-01-28 15:30:00,2024-01-31 06:00:00,helpdesk
TKT0963,CUST0186,AGT001,SOUTHEAST,BILLING,high,pending,2024-06-23 18:00:00,2024-06-23 19:06:00,,helpdesk
TKT0964,CUST0072,AGT010,WEST,TECHNICAL,urgent,open,2023-05-17 03:00:00,2023-05-17 03:25:00,2023-05-19 01:00:00,crm
TKT0965,CUST0074,AGT013,northeast,BILLING,urgent,resolved,2023-08-18 01:00:00,2023-08-18 01:45:00,2023-08-18 18:00:00,crm
TKT0966,CUST0081,AGT001,SOUTHEAST,RETURNS,medium,open,2024-12-19 03:00:00,2024-12-19 05:59:00,,crm
TKT0967,CUST0094,AGT016,northeast,TECHNICAL,high,resolved,2023-03-20 00:00:00,2023-03-20 02:35:00,2023-03-22 07:00:00,helpdesk
TKT0968,CUST0057,AGT005,NORTHEAST,BILLING,medium,pending,2023-12-12 14:00:00,2023-12-12 16:55:00,,crm
TKT0969,CUST0233,AGT018,northeast,RETURNS,high,pending,2023-01-12 12:00:00,2023-01-12 13:58:00,2023-01-16 05:00:00,crm
TKT0970,CUST0065,AGT024,SOUTHEAST,ACCOUNT,low,open,2024-03-09 05:00:00,2024-03-09 06:19:00,2024-03-09 18:00:00,helpdesk
TKT0971,CUST0240,AGT016,MIDWEST,ACCOUNT,urgent,open,2023-07-08 23:00:00,2023-07-09 01:33:00,2023-07-12 06:00:00,crm
TKT0972,CUST0054,AGT003,MIDWEST,SHIPPING,high,open,2024-01-16 20:00:00,2024-01-16 21:58:00,2024-01-17 22:00:00,crm
TKT0973,CUST0006,AGT025,MIDWEST,TECHNICAL,medium,pending,2023-10-16 05:00:00,2023-10-16 07:28:00,,crm
TKT0974,CUST0289,AGT026,WEST,BILLING,low,resolved,2023-09-04 08:00:00,2023-09-04 08:31:00,2023-09-07 10:00:00,crm
TKT0975,CUST0257,AGT007,MIDWEST,ACCOUNT,high,open,2023-11-13 00:00:00,2023-11-13 01:41:00,2023-11-14 14:00:00,crm
TKT0976,CUST0077,AGT001,SOUTHWEST,ACCOUNT,urgent,pending,2023-12-06 13:00:00,2023-12-06 15:18:00,2023-12-07 03:00:00,crm
TKT0977,CUST0048,AGT023,SOUTHEAST,TECHNICAL,medium,pending,2023-10-25 05:00:00,2023-10-25 05:48:00,2023-10-28 22:00:00,crm
TKT0978,CUST0175,AGT015,southeast,TECHNICAL,high,resolved,2024-05-28 16:00:00,2024-05-28 18:45:00,2024-06-01 05:00:00,helpdesk
TKT0979,CUST0199,AGT008,SOUTHEAST,SHIPPING,low,open,2024-09-30 13:00:00,2024-09-30 13:20:00,2024-10-04 10:00:00,helpdesk
TKT0980,CUST0045,AGT016,NORTHEAST,ACCOUNT,high,open,2023-04-10 00:00:00,2023-04-10 00:46:00,2023-04-11 17:00:00,helpdesk
TKT0981,CUST0046,AGT003,SOUTHEAST,ACCOUNT,high,resolved,2023-06-15 02:00:00,2023-06-15 03:21:00,2023-06-18 05:00:00,helpdesk
TKT0982,CUST0250,AGT002,MIDWEST,RETURNS,urgent,resolved,2024-03-28 20:00:00,2024-03-28 20:45:00,2024-03-29 13:00:00,crm
TKT0983,CUST0192,AGT003,northeast,ACCOUNT,urgent,resolved,2024-03-27 11:00:00,2024-03-27 13:21:00,2024-03-30 20:00:00,crm
TKT0984,CUST0288,AGT001,SOUTHEAST,BILLING,high,resolved,2024-09-27 20:00:00,2024-09-27 20:24:00,2024-10-01 20:00:00,crm
TKT0985,CUST0237,AGT022,NORTHEAST,RETURNS,urgent,resolved,2024-08-06 12:00:00,2024-08-06 12:28:00,2024-08-07 18:00:00,helpdesk
TKT0986,CUST0204,AGT025,WEST,TECHNICAL,urgent,resolved,2023-04-22 02:00:00,2023-04-22 02:56:00,2023-04-26 01:00:00,crm
TKT0987,CUST0244,AGT004,MIDWEST,ACCOUNT,low,pending,2023-11-21 10:00:00,2023-11-21 12:44:00,2023-11-24 02:00:00,crm
TKT0988,CUST0017,AGT020,southeast,ACCOUNT,low,resolved,2024-04-26 04:00:00,2024-04-26 06:53:00,2024-04-27 09:00:00,helpdesk
TKT0989,CUST0217,AGT009,MIDWEST,TECHNICAL,low,open,2024-04-29 06:00:00,2024-04-29 06:23:00,2024-04-30 11:00:00,crm
TKT0990,CUST0232,AGT028,WEST,SHIPPING,medium,pending,2023-10-08 12:00:00,2023-10-08 12:30:00,2023-10-10 04:00:00,helpdesk
TKT0991,CUST0153,AGT006,SOUTHEAST,RETURNS,urgent,resolved,2023-07-08 01:00:00,2023-07-08 01:33:00,2023-07-10 09:00:00,helpdesk
TKT0992,CUST0293,AGT013,southeast,BILLING,medium,open,2024-07-02 22:00:00,2024-07-02 22:51:00,2024-07-06 17:00:00,crm
TKT0993,CUST0235,AGT030,SOUTHEAST,ACCOUNT,high,open,2023-11-28 21:00:00,2023-11-28 22:31:00,2023-11-29 00:00:00,helpdesk
TKT0994,CUST0065,AGT021,WEST,SHIPPING,low,open,2023-09-27 16:00:00,2023-09-27 16:10:00,2023-09-30 03:00:00,crm
TKT0995,CUST0111,AGT012,SOUTHEAST,TECHNICAL,low,resolved,2023-07-12 13:00:00,2023-07-12 15:29:00,2023-07-13 12:00:00,helpdesk
TKT0996,CUST0064,AGT023,WEST,ACCOUNT,urgent,resolved,2023-01-17 09:00:00,2023-01-17 10:28:00,2023-01-20 03:00:00,helpdesk
TKT0997,CUST0172,AGT004,SOUTHEAST,ACCOUNT,urgent,resolved,2023-12-27 17:00:00,2023-12-27 18:59:00,2023-12-30 13:00:00,crm
TKT0998,CUST0146,AGT028,northeast,ACCOUNT,high,pending,2024-07-20 19:00:00,2024-07-20 19:51:00,2024-07-23 18:00:00,crm
TKT0999,CUST0211,AGT004,WEST,SHIPPING,low,pending,2023-03-31 03:00:00,2023-03-31 03:32:00,,helpdesk
TKT1000,CUST0216,AGT007,SOUTHEAST,ACCOUNT,urgent,open,2024-05-30 18:00:00,2024-05-30 18:18:00,2024-06-03 09:00:00,crm
